id_complex,complex_multidata_id,pdb_structure,pdb_id,stoichiometry,comments_complex,transmembrane,secreted,secreted_desc,receptor,integrin,other,other_desc,reactome_reaction,reactome_complex,complexPortal_complex,rhea_reaction
0,1355,False,,,,False,True,,False,False,True,biosynthesis_enzyme,,,,
1,1356,False,,,,False,True,,False,False,True,biosynthesis_enzyme,,,,
2,1357,False,,,,False,True,,False,False,True,biosynthesis_enzyme,,,,
3,1358,False,,,,False,True,,False,False,True,biosynthesis_enzyme,,,,
4,1359,False,,,,False,True,,False,False,True,biosynthesis_enzyme,,,,
5,1360,False,,,,False,True,,False,False,True,biosynthesis_enzyme,,,,
6,1361,False,,,,False,True,,False,False,True,biosynthesis_enzyme,,,,
7,1362,False,,,,False,True,,False,False,True,biosynthesis_enzyme,,,,
8,1363,False,,,,False,True,,False,False,True,biosynthesis_enzyme,,,,
9,1364,False,,,,False,True,CHEBI:27814,False,False,True,biosynthesis_enzyme,R-HSA-2161567,,,RHEA:50609
10,1365,False,,,,False,True,CHEBI:67237,False,False,True,biosynthesis_enzyme,,,,RHEA:34340;RHEA:34335
11,1366,False,,,,False,True,CHEBI:67237,False,False,True,biosynthesis_enzyme,,,,RHEA:46140
12,1367,False,,,,False,True,CHEBI:52392,False,False,True,biosynthesis_enzyme,,R-HSA-426032,,
13,1368,False,,,,False,True,CHEBI:52392,False,False,True,biosynthesis_enzyme,,R-HSA-426032,,
14,1369,False,,,,False,True,CHEBI:28952,False,False,True,biosynthesis_enzyme,,,,RHEA:41988
15,1370,False,,,,False,True,CHEBI:15632,False,False,True,biosynthesis_enzyme,R-HSA-265296,,,RHEA:17486
16,1371,False,,,,False,True,CHEBI:15355,False,False,True,biosynthesis_enzyme,R-HSA-264622,,,RHEA:18822
17,1372,False,,,,True,False,,True,False,False,,,R-HSA-633846,,
18,1373,False,,,,True,False,,True,False,False,,,R-HSA-629584,,
19,1374,False,,,,True,False,,True,False,False,,,R-HSA-629575,,
20,1375,False,,,,True,False,,True,False,False,,,R-HSA-629582,,
21,1376,False,,,,True,False,,True,False,False,,,R-HSA-532625,,
22,1377,False,,,,True,False,,True,False,False,,,R-HSA-633773,,
23,1378,False,,,,True,False,,True,False,False,,,R-HSA-549002,,
24,1379,False,,,,False,True,TGFb,False,False,False,,,,,
25,1380,False,,,,False,True,TGFb,False,False,False,,,,,
26,1381,False,,,,False,True,TGFb,False,False,False,,,,,
27,1382,False,,,,True,False,,True,False,False,,,,,
28,1383,False,,,,True,False,,True,False,False,,,,,
29,1384,False,,,Transmembrane_serine_threonine_kinase_activin_type_1_receptor_forming_an_activin_receptor_complex_with_activin_receptor_type_2_(ACVR2A_or_ACVR2B),True,False,,True,False,False,,,,,
30,1385,False,,,Transmembrane_serine_threonine_kinase_activin_type_1_receptor_forming_an_activin_receptor_complex_with_activin_receptor_type_2_(ACVR2A_or_ACVR2B),True,False,,True,False,False,,,,,
31,1386,False,,,Transmembrane_serine_threonine_kinase_activin_type_1_receptor_forming_an_activin_receptor_complex_with_activin_receptor_type_2_(ACVR2A_or_ACVR2B),True,False,,True,False,False,,,,,
32,1387,False,,,Transmembrane_serine_threonine_kinase_activin_type_1_receptor_forming_an_activin_receptor_complex_with_activin_receptor_type_2_(ACVR2A_or_ACVR2B),True,False,,True,False,False,,,,,
33,1388,False,,,,True,False,,True,False,False,,,,,
34,1389,False,,,,True,False,,True,False,False,,,,,
35,1390,False,,,,True,False,,True,False,False,,,,,
36,1391,False,,,May_form_homooligomers_and_heterooligomers_with_ADIPOR2,True,False,,True,False,False,,,,,
37,1392,False,,,,False,True,CHEBI:27584;CHEBI:16827,False,False,True,biosynthesis_enzyme,R-HSA-193965,,,RHEA:50792
38,1393,False,,,,True,False,,True,False,False,,,,,
39,1394,False,,,,True,False,,True,False,False,,,,,
40,1395,False,,,,True,False,,True,False,False,,,,,
41,1396,False,,,,False,True,CHEBI:16422,False,False,True,biosynthesis_enzyme,R-HSA-193099,,,RHEA:14753
42,1397,False,,,uniprot;PMID:10896656;PMID:11360992,False,True,CHEBI:16032,False,False,True,biosynthesis_enzyme,,,,
43,1398,False,,,,False,True,CHEBI:15367,False,False,True,biosynthesis_enzyme,R-HSA-5362522,,,RHEA:42081
44,1399,False,,,,False,True,CHEBI:15367,False,False,True,biosynthesis_enzyme,R-HSA-5362522,,,RHEA:42081
45,1400,False,,,,False,True,CHEBI:15367,False,False,True,biosynthesis_enzyme,R-HSA-5362522,,,RHEA:42081
46,1401,False,,,,True,False,,True,False,False,,,,,
47,1402,False,,,,True,False,,False,False,False,,,,,
48,1403,False,,,,False,True,,False,False,False,,,,,
49,1404,False,,,"On_ligand_binding,_forms_a_receptor_complex_consisting_of_two_type_II_and_two_type_I_transmembrane_serine_threonine_kinases",True,False,,True,False,False,,,,,
50,1405,False,,,Serine_threonine_kinase_heterodimer_upon_ligand_binding,True,False,,True,False,False,,,,,
51,1406,False,,,Serine_threonine_kinase_heterodimer_upon_ligand_binding,True,False,,True,False,False,,,,,
52,1407,False,,,,True,False,,True,False,False,,,,,
53,1408,False,,,,True,False,,True,False,False,,,,,
54,1409,False,,,,True,False,,True,False,False,,,,,
55,1410,False,,,,True,False,,True,False,False,,,,,
56,1411,False,,,,False,True,CHEBI:17823,False,False,True,biosynthesis_enzyme,R-HSA-209868,,,RHEA:20574
57,1412,False,,,,True,False,,True,False,False,,,R-HSA-2534382,,
58,1413,False,,,,True,False,,True,False,False,,,R-HSA-2534382,,
59,1414,False,,,,True,False,,True,False,False,,,R-HSA-2534382,,
60,1415,False,,,,True,False,,True,False,False,,,R-HSA-2534382,,
61,1416,False,,,,True,False,,True,False,False,,,R-HSA-2534382,,
62,1417,False,,,,True,False,,True,False,False,,,R-HSA-2534382,,
63,1418,False,,,,True,False,,True,False,False,,,R-HSA-2534382,,
64,1419,False,,,,True,False,,True,False,False,,,R-HSA-2534382,,
65,1420,True,1gzp,B2M;CD1B,Heterodimer_with_B2M_(beta_2_microglobulin)_Interacts_with_MHC_II,True,False,,False,False,False,,,,,
66,1421,False,,,In_general_heterodimer_of_an_a_and_a_beta_chain_linked_bytwo_disulfide_bonds_Can_also_form_homodimers,True,False,,True,False,False,,,,,
67,1422,False,,,,True,False,,True,False,False,,,,,
68,1423,False,,,,True,False,,True,False,False,,,,,
69,1424,False,,,,True,False,,True,False,False,,,,,
70,1425,False,,,,False,True,CHEBI:16113,False,False,True,biosynthesis_enzyme,R-HSA-192417,,,RHEA:33875
71,1426,False,,,,False,True,CHEBI:16113,False,False,True,biosynthesis_enzyme,R-HSA-196417,,,RHEA:36393
72,1427,False,,,,False,True,CHEBI:16113,False,False,True,biosynthesis_enzyme,R-HSA-6807055,,,RHEA:23986
73,1428,False,,,,False,True,CHEBI:16113,False,False,True,biosynthesis_enzyme,R-HSA-8865667,,,RHEA:10100
74,1429,False,,,"Heterotrimer_of_the_alpha_subunit,_LIFR_and_IL6ST",True,False,,True,False,False,,,,,
75,1430,False,,,,False,True,CHEBI:16827,False,False,True,biosynthesis_enzyme,R-HSA-194017,,,RHEA:46104
76,1431,False,,,,True,False,,True,False,False,,,R-HSA-264830,,
77,1432,False,,,,False,True,CHEBI:28918,False,False,True,biosynthesis_enzyme,R-HSA-209903,,,
78,1433,False,,,,False,True,CHEBI:16469,False,False,True,biosynthesis_enzyme,R-HSA-193143,,,RHEA:38191
79,1434,False,,,,False,True,CHEBI:16469,False,False,True,biosynthesis_enzyme,R-HSA-804969,,,
80,1435,True,1exu,B2M;FCGRT,"FcRn_complex_consist_of_two_subunits:_p51,_and_p14_which_is_equivalent_to_beta_2_microglobulin_It_forms_an_MHC_class_I_like_heterodimer",True,False,,True,False,True,"transports_immunoglobulin_G_(IgG)_across_epithelia,",,,,
81,1436,False,,,,True,False,,True,False,False,,,,,
82,1437,False,,,,False,False,,False,False,False,,,,,
83,1438,False,,,Can_also_form_a_heterodimer_with_KDR,True,False,,True,False,True,Migration,,,,
84,1439,False,,,,False,True,,False,False,False,,,R-HSA-378947,,
85,1440,False,,,,True,False,,False,False,False,,,,,
86,1441,False,,,,True,False,,False,False,False,,,,,
87,1442,False,,,,True,False,,False,False,False,,,,,
88,1443,False,,,,True,False,,False,False,False,,,,,
89,1444,False,,,,True,False,,False,False,False,,,,,
90,1445,False,,,,True,False,,False,False,False,,,,,
91,1446,False,,,,True,False,,False,False,False,,,,,
92,1447,False,,,,True,False,,False,False,False,,,,,
93,1448,False,,,,True,False,,False,False,False,,,,,
94,1449,False,,,,True,False,,False,False,False,,,,,
95,1450,False,,,,True,False,,False,False,False,,,,,
96,1451,False,,,,True,False,,False,False,False,,,,,
97,1452,False,,,,True,False,,False,False,False,,,,,
98,1453,False,,,,True,False,,False,False,False,,,,,
99,1454,False,,,,True,False,,False,False,False,,,,,
100,1455,False,,,,True,False,,False,False,False,,,,,
101,1456,False,,,,True,False,,False,False,False,,,,,
102,1457,False,,,,True,False,,False,False,False,,,,,
103,1458,False,,,,True,False,,False,False,False,,,,,
104,1459,False,,,,True,False,,False,False,False,,,,,
105,1460,False,,,,True,False,,True,False,False,,,,,
106,1461,False,,,,True,False,,True,False,False,,,,,
107,1462,False,,,,True,False,,True,False,False,,,,,
108,1463,False,,,,False,True,,False,False,False,,,R-HSA-378969,,
109,1464,False,,,Two_GP_Ib_beta_are_disulfide_linked_to_one_GP_Ib_alpha,True,False,,True,False,False,,,,,
110,1465,binding,4nkq,CSF2;CSF2RA;CSF2RB,Heterodimer_of_an_a_and_a_beta_subunit,True,False,,True,False,False,,,,,
111,1466,False,,,,False,True,CHEBI:18295,False,False,True,biosynthesis_enzyme,R-HSA-977301,,,RHEA:20841
112,1467,False,,,,True,False,,True,False,False,,,,,
113,1468,binding,4dep,IL1B;IL1R1;IL1RAP,After_binding_to_interleukin_1_associates_with_the_corecptor_IL1RAP_to_form_the_high_affinity_interleukin_1_receptor_complex,True,False,,True,False,False,,,,,
114,1469,binding,3o4o,IL1B;IL1R2;IL1RAP,After_binding_to_interleukin_1_associates_with_the_corecptor_IL1RAP_to_form_the_high_affinity_interleukin_1_receptor_antagonist_complex,True,False,,True,False,False,,,,,
115,1470,False,,,Heterodimer_of_an_alpha_and_a_beta_subunit,True,False,,True,False,False,,,,,
116,1471,False,,,"On_ligand_binding,_forms_a_multimer_complex_with_IL6ST_gp130",True,False,,True,False,False,,,,,
117,1472,True,1f45,IL12A;IL12B,,False,True,"Cytokine_receptor_IL6_family,_IL12_subfamily",False,False,False,,,,,
118,1473,False,,,"Associated_with_IL12RB2_it_forms_a_functional,_high_affinity_receptor_for_IL12",True,False,,True,False,False,,,,,
119,1474,binding,3bpo,IL13;IL13RA1;IL4R,Together_with_IL4RA_can_form_a_functional_receptor_for_IL13,True,False,,True,False,False,,,,,
120,1475,True,4gs7,IL15;IL15RA;IL2RB;IL2RG,"The_interleukin_15_receptor_IL15R_is_a_heterotrimer_of_IL15RA,_IL2RB_and_IL2RG",True,False,,True,False,False,,,,,
121,1476,False,,,,False,True,Cytokine,False,False,False,,,,,
122,1477,False,,,,True,False,,True,False,False,,,,,
123,1478,False,,,NA;_the_heterodimer_binds_IL17AF,True,False,,True,False,False,,,,,
124,1479,False,,,Forms_heterodimers_with_IL17RE;_the_heterodimer_binds_IL17C,True,False,,True,False,False,,,,,
125,1480,True,3wo4,IL18;IL18R1;IL18RAP,Cytokine_receptor_family;_Interleukin_18_family,True,False,,True,False,False,,,,,
126,1481,binding,2b5i,IL2;IL2RA;IL2RB;IL2RG,"A_high_affinity_dimer,_an_intermediate_affinity_monomer_(beta_subunit)_The_high_and_intermediate_affinity_forms_also_associate_with_a_gamma_subunit",True,False,,True,False,False,,,,,
127,1482,binding,3qaz,,,True,False,,True,False,False,,,,,
128,1483,False,,,The_IL20RA_IL10RB_dimer_is_a_receptor_for_IL26,True,False,,True,False,False,,,,,
129,1484,False,,,Component_of_IL22_receptor_formed_byIL22RA1_and_IL10RB,True,False,,True,False,False,,,,,
130,1485,False,,,Heterodimer_with_the_common_gamma_subunit,True,False,,True,False,False,,,,,
131,1486,binding,3dgc,IL22;IL22RA1,Component_of_IL22_receptor_formed_byIL22RA1_and_IL10RB,True,False,,True,False,False,,,,,
132,1487,True,3d87,IL12B;IL12B;IL23A;IL23A,,False,True,"Cytokine_receptor_IL6_family,_IL12_subfamily",False,False,False,,,,,
133,1488,False,,,Associates_also_with_IL23R_to_form_the_interleukin_23_receptor_which_functions_in_IL23_signal_transduction,True,False,,True,False,False,,,,,
134,1489,False,,,,True,False,,True,False,False,,,,,
135,1490,False,,,,False,True,Cytokine_receptor_IL6_family,False,False,False,,,,,
136,1491,False,,,Requires_IL6ST_gp130_to_mediate_signal_transduction_in_response_to_IL27,True,False,,True,False,False,,,,,
137,1492,binding,5t5w,IFNL3;IFNLR1;IL10RB,IFNLR1_IL10RB_dimer_is_a_receptor,True,False,,True,False,False,,,,,
138,1493,False,,,Heterodimer_of_an_a_and_a_beta_subunit,True,False,,True,False,False,,,,,
139,1494,False,,,,True,False,,True,False,False,,,,,
140,1495,False,,,,False,True,Cytokine_receptor,False,False,False,,,,,
141,1496,False,,,,True,False,,True,False,False,,,,,
142,1497,False,,,After_binding_to_interleukin_36_associates_with_the_coreceptor_IL1RAP_to_form_the_interleukin_36_receptor_complex,True,False,,True,False,False,,,,,
143,1498,False,,,"See_paper_Nold_Petry_et_al,_2015_Also_called_IL37",True,False,,True,False,False,,,,,
144,1499,True,3qb7,IL2RG;IL4R,"The_functional_IL4_receptor_is_formed_byinitial_binding_of_IL4_to_IL4R_Subsequent_recruitment_to_the_complex_of_the_common_gamma_chain,_in_immune_cells",True,False,,True,False,False,,,,,
145,1500,False,,,Heterodimer_of_an_alpha_and_a_beta_subunit,True,False,,True,False,False,,,,,
146,1501,binding,1p9m,IL6;IL6;IL6R;IL6R;IL6ST;IL6ST,Signal_activation_necessitate_an_association_with_IL6ST,True,False,,True,False,False,,,,,
147,1502,False,,,The_IL7_receptor_is_a_heterodimer_of_IL7R_and_IL2RG,True,False,,True,False,False,,,,,
148,1503,False,,,Cytokine_receptor_family;_Interleukin_9_family,True,False,,True,False,False,,,,,
149,1504,False,,,Well_known_integrin_combination,True,False,,False,True,False,,,,,
150,1505,False,,,Well_known_integrin_combination,True,False,,False,True,False,,,,,
151,1506,False,,,Well_known_integrin_combination,True,False,,False,True,False,,,,,
152,1507,False,,,Well_known_integrin_combination,True,False,,False,True,False,,,,,
153,1508,True,1kup,ITGA2B;ITGB3,Well_known_integrin_combination,True,False,,False,True,False,,,,,
154,1509,False,,,Well_known_integrin_combination,True,False,,False,True,False,,,,,
155,1510,False,,,Well_known_integrin_combination,True,False,,False,True,False,,,,,
156,1511,False,,,Well_known_integrin_combination,True,False,,False,True,False,,,,,
157,1512,False,,,Well_known_integrin_combination,True,False,,False,True,False,,,,,
158,1513,False,,,Well_known_integrin_combination,True,False,,False,True,False,,,,,
159,1514,False,,,Well_known_integrin_combination,True,False,,False,True,False,,,,,
160,1515,False,,,Well_known_integrin_combination,True,False,,False,True,False,,,,,
161,1516,False,,,Well_known_integrin_combination,True,False,,False,True,False,,,,,
162,1517,False,,,Well_known_integrin_combination,True,False,,False,True,False,,,,,
163,1518,False,,,Well_known_integrin_combination,True,False,,False,True,False,,,,,
164,1519,False,,,Well_known_integrin_combination,True,False,,False,True,False,,,,,
165,1520,False,,,Well_known_integrin_combination,True,False,,False,True,False,,,,,
166,1521,False,,,Well_known_integrin_combination,True,False,,False,True,False,,,,,
167,1522,False,,,Well_known_integrin_combination,True,False,,False,True,False,,,,,
168,1523,True,1jv2,ITGAV;ITGB3,Well_known_integrin_combination,True,False,,False,True,False,,,,,
169,1524,False,,,Well_known_integrin_combination,True,False,,False,True,False,,,,,
170,1525,True,4um8,ITGAV;ITGB6,Well_known_integrin_combination,True,False,,False,True,False,,,,,
171,1526,False,,,Well_known_integrin_combination,True,False,,False,True,False,,,,,
172,1527,True,3k6s,ITGAX;ITGB2,Well_known_integrin_combination,True,False,,False,True,False,,,,,
173,1528,False,,,,True,False,,False,False,False,,,,,
174,1529,False,,,,True,False,,False,False,False,,,,,
175,1530,False,,,,True,False,,False,False,False,,,,,
176,1531,False,,,,False,True,CHEBI:15765,False,False,True,biosynthesis_enzyme,,,,RHEA:34287
177,1532,False,,,,False,True,CHEBI:15647,False,False,True,biosynthesis_enzyme,R-HSA-266072,,,RHEA:22325
178,1533,False,,,,False,True,CHEBI:16978,False,False,True,biosynthesis_enzyme,R-HSA-266050,,,RHEA:17619
179,1534,False,,,,False,True,CHEBI:28666,False,False,True,biosynthesis_enzyme,R-HSA-266046,,,RHEA:31564
180,1535,False,,,,False,True,CHEBI:15650,False,False,True,biosynthesis_enzyme,R-HSA-266012,,,RHEA:48617
181,1536,False,,,,False,True,CHEBI:15650,False,False,True,biosynthesis_enzyme,R-HSA-266012,,,RHEA:48617
182,1537,False,,,,False,True,CHEBI:15650,False,False,True,biosynthesis_enzyme,R-HSA-266012,,,RHEA:48617
183,1538,False,,,Heterodimer_composed_of_LIFR_and_IL6ST,True,False,,True,False,False,,,,,
184,1539,False,,,,False,True,CHEBI:6498,False,False,True,biosynthesis_enzyme,R-HSA-2161775,,,RHEA:48584
185,1540,False,,,,False,True,CHEBI:6498,False,False,True,biosynthesis_enzyme,R-HSA-2161917,,,
186,1541,partial,3ml4,DOK7;DOK7;MUSK;MUSK,MUSK_Interacts_with_LRP4;_the_heterodimer_forms_an_AGRIN_receptor_complex_that_binds_AGRIN_resulting_in_activation_of_MUSK,True,False,,True,False,False,,,,,
187,1542,False,,,,False,True,CHEBI:18332,False,False,True,biosynthesis_enzyme,R-HSA-209840,,,
188,1543,False,,,,False,True,CHEBI:16796,False,False,True,biosynthesis_enzyme,R-HSA-209821,,,RHEA:15573
189,1544,False,,,,True,False,,True,False,False,,,,,
190,1545,False,,,,True,False,,True,False,False,,,,,
191,1546,False,,,,True,False,,True,False,False,,,,,
192,1547,False,,,Heterohexamer_composed_of_two_subunits_of_KLRK1_and_four_subunits_of_HCST_DAP10,True,False,,True,False,False,,,,,
193,1548,False,,,,True,False,,True,False,False,,,R-HSA-1181125,,
194,1549,False,,,,True,False,,True,False,False,,,R-HSA-1181125,,
195,1550,False,,,,True,False,,True,False,False,,,,,
196,1551,False,,,,True,False,,True,False,False,,,,,
197,1552,False,,,,True,False,,True,False,False,,,R-HSA-1181125,,
198,1553,False,,,,True,False,,True,False,False,,,R-HSA-1181125,,
199,1554,False,,,,False,True,CHEBI:18357,False,False,True,biosynthesis_enzyme,R-HSA-209891,,,
200,1555,False,,,Heterodimer_composed_of_OSMR_and_IL6ST_(type_II_OSM_receptor),True,False,,True,False,False,,,,,
201,1556,False,,,heterodimers_formed_byPDGFA_and_PDGFB,True,False,,True,False,False,,,,,
202,1557,False,,,,True,False,,True,False,False,,,R-HSA-374575,,
203,1558,False,,,PMID:_22325954,True,False,,True,False,False,,,,,
204,1559,False,,,PMID:_22325954,True,False,,True,False,False,,,,,
205,1560,False,,,PMID:_22325954,True,False,,True,False,False,,,,,
206,1561,False,,,PMID:_22325954,True,False,,True,False,False,,,,,
207,1562,False,,,PMID:_22325954,True,False,,True,False,False,,,,,
208,1563,False,,,PMID:_22325954,True,False,,True,False,False,,,,,
209,1564,False,,,,False,True,CHEBI:16581,False,False,True,biosynthesis_enzyme,R-HSA-193101,,,RHEA:35739
210,1565,False,,,,False,True,CHEBI:17026;CHEBI:16422;CHEBI:17252,False,False,True,biosynthesis_enzyme,R-HSA-193052,,,RHEA:43928
211,1566,False,,,,False,True,CHEBI:15552,False,False,True,biosynthesis_enzyme,R-HSA-76496,,,
212,1567,False,,,,False,True,CHEBI:57406,False,False,True,biosynthesis_enzyme,,,,RHEA:10140
213,1568,False,,,,False,True,CHEBI:15551,False,False,True,biosynthesis_enzyme,R-HSA-2161660,,,RHEA:12894
214,1569,False,,,,False,True,CHEBI:15551,False,False,True,biosynthesis_enzyme,R-HSA-265295,,,RHEA:12894
215,1570,False,,,,False,True,CHEBI:15551,False,False,True,biosynthesis_enzyme,R-HSA-265295,,,RHEA:12894
216,1571,False,,,,False,True,CHEBI:15553,False,False,True,biosynthesis_enzyme,R-HSA-2161549,,,RHEA:45314
217,1572,False,,,,False,True,CHEBI:15553,False,False,True,biosynthesis_enzyme,R-HSA-2161651,,,RHEA:24510
218,1573,False,,,,False,True,CHEBI:15553,False,False,True,biosynthesis_enzyme,R-HSA-2161612,,,RHEA:28214
219,1574,False,,,,True,False,,True,False,False,,,R-HSA-5632584,,
220,1575,False,,,,True,False,,True,False,False,,R-HSA-5632652,,,
221,1576,False,,,,True,False,,True,False,False,,R-HSA-5632649,,,
222,1577,False,,,PMID:25448692,True,False,,True,False,False,,,,,
223,1578,False,,,PMID:25448692,True,False,,True,False,False,,,,,
224,1579,False,,,PMID:25448692,True,False,,True,False,False,,,,,
225,1580,True,3n7p,CALCRL;RAMP1,Heterodimer_of_CALCRL_and_RAMP3_(bysimilarity)_Heterodimer_of_CALCRL_and_RAMP1_or_CALCRL_and_RAMP2,True,False,,True,False,False,,,,,
226,1581,True,3aqf,CALCRL;RAMP2,Heterodimer_of_CALCRL_and_RAMP3_(bysimilarity)_Heterodimer_of_CALCRL_and_RAMP1_or_CALCRL_and_RAMP2,True,False,,True,False,False,,,,,
227,1582,False,,,Transports_the_calcitonin_gene_related_peptide_type_1_receptor_(CALCRL)_and_GPER1_to_the_plasma_membrane,True,False,,True,False,False,,,,,
228,1583,False,,,,True,False,FALSE,True,False,True,,,R-HSA-5334826,,
229,1584,False,,,,True,False,FALSE,True,False,True,,,R-HSA-5334826,,
230,1585,False,,,,True,False,FALSE,True,False,True,,,R-HSA-5334826,,
231,1586,False,,,,True,False,FALSE,True,False,True,,,R-HSA-5334826,,
232,1587,False,,,,True,False,FALSE,True,False,True,,,R-HSA-5334826,,
233,1588,False,,,,True,False,FALSE,True,False,True,,,R-HSA-5334826,,
234,1589,False,,,,True,False,FALSE,True,False,True,,,R-HSA-5334826,,
235,1590,False,,,,True,False,FALSE,True,False,True,,,R-HSA-5334826,,
236,1591,False,,,,True,False,FALSE,True,False,True,,,R-HSA-5334826,,
237,1592,False,,,,True,False,,True,False,False,,,,,
238,1593,False,,,,True,False,,True,False,False,,,,,
239,1594,False,,,,True,False,,True,False,False,,,,,
240,1595,False,,,,True,False,,True,False,False,,,,,
241,1596,False,,,,False,True,CHEBI:28790,False,False,True,biosynthesis_enzyme,R-HSA-209859,,,RHEA:18534
242,1597,False,,,Homodimer;_disulfide_linked_Interacts_with_TYROBP_This_interaction_results_in_the_recruitment_of_SYK,True,False,,True,False,False,,,,,
243,1598,False,,,Interacts_with_BSG;_this_is_required_for_expression_at_the_cell_membrane,True,False,,False,False,False,,,,,
244,1599,False,,,,False,True,CHEBI:17347,False,False,True,biosynthesis_enzyme,,,,RHEA:14983
245,1600,False,,,,False,True,RAreceptor_RARG_RXRG,False,False,True,biosynthesis_enzyme,R-HSA-193064,,,RHEA:14983
246,1601,False,,,,False,True,CHEBI:17347,False,False,True,biosynthesis_enzyme,R-HSA-193064,,,RHEA:14983
247,1602,False,,,"Heterohexamer;_TGFB1,_TGFB2_and_TGFB3_homodimeric_ligands_assemble_a_functional_receptor_composed_of_two_TGFBR1_and_TGFBR2_heterodimers_to_form_a_ligand_receptor_heterohexamer",True,False,,True,False,False,,,,,
248,1603,False,,,,True,False,,True,False,False,,,,,
249,1604,False,,,,True,False,,True,False,False,,,,,
250,1605,False,,,,True,False,,True,False,False,,,,,
251,1606,False,,,,True,False,,True,False,False,,,,,
252,1607,False,,,,False,True,CHEBI:15627,False,False,True,biosynthesis_enzyme,R-HSA-76500,,,RHEA:17138
253,1608,False,,,,False,True,,False,False,False,,,R-HSA-8942418,,
254,1609,False,,,,False,True,,False,False,False,,,R-HSA-8942418,,
255,1610,False,,,Interacts_with_TYROBP_DAP12,True,False,,True,False,False,,,,,
256,1611,False,,,,False,True,CHEBI:18258,False,False,True,biosynthesis_enzyme,,,,
257,1612,binding,5j11,CRLF2;IL7R;TSLP,The_TSLP_receptor_is_a_heterodimer_of_CRLF2_and_IL7R,True,False,,True,False,False,,,,,
258,1613,binding,3se3,IFNA2;IFNAR1;IFNAR2,Heterodimer_with_IFNAR2,True,False,,True,False,False,,,,,
259,1614,binding,1fg9,IFNG;IFNG;IFNGR1;IFNGR1;IFNGR1,Associates_with_IFNGR2_to_form_a_receptor_for_the_cytokine_interferon_gamma_(IFNG),True,False,,True,False,False,,,,,
260,1615,False,,,,True,False,,True,False,False,,,,,
261,1616,False,,,,False,True,,False,False,False,,,,,
262,1617,False,,,,False,True,,False,False,False,,,,,
263,1618,False,,,,False,True,,False,False,False,,,,,
264,1619,False,,,,False,True,,False,False,False,,,,,
265,1620,False,,,,False,True,,False,False,False,,,,,
266,1621,False,,,,False,True,,False,False,False,,,,,
267,1622,False,,,,True,False,,True,False,False,,,,,
268,1623,False,,,,False,True,,False,False,False,,,,,
269,1624,False,,,,False,True,,False,False,False,,,,,
270,1625,False,,,,False,True,,False,False,False,,,,,
271,1626,False,,,,False,True,,False,False,False,,,,,
272,1627,False,,,,False,True,,False,False,False,,,,,
273,1628,False,,,,False,True,,False,False,False,,,,,
274,1629,False,,,,False,True,,False,False,False,,,,,
275,1630,False,,,,False,True,,False,False,False,,,,,
276,1631,False,,,,False,True,,False,False,False,,,,,
277,1632,False,,,,False,True,,False,False,False,,,,,
278,1633,False,,,,False,True,,False,False,False,,,,,
279,1634,False,,,,False,True,,False,False,False,,,,,
280,1635,False,,,,False,True,,False,False,False,,,,,
281,1636,False,,,,False,True,,False,False,False,,,,,
282,1637,False,,,,False,True,,False,False,False,,,,,
283,1638,False,,,,False,True,,False,False,False,,,,,
284,1639,False,,,,False,True,,False,False,False,,,,,
285,1640,False,,,,False,True,,False,False,False,,,,,
286,1641,False,,,,False,True,,False,False,False,,,,,
287,1642,False,,,,False,True,,False,False,False,,,,,
288,1643,False,,,,False,True,,False,False,False,,,,,
289,1644,False,,,,False,True,,False,False,False,,,,,
290,1645,False,,,,False,True,,False,False,False,,,,,
291,1646,False,,,,False,True,,False,False,False,,,,,
292,1647,False,,,,False,True,,False,False,False,,,,,
293,1648,False,,,,False,True,,False,False,False,,,,,
294,1649,False,,,,False,True,,False,False,False,,,,,
295,1650,False,,,,False,True,,False,False,False,,,,,
296,1651,False,,,,True,False,,True,False,False,,,,,
297,1652,False,,,,True,False,,True,False,False,,,,,
298,1653,False,,,,True,False,,True,False,False,,,,,
299,1654,False,,,,True,False,,True,False,False,,,,,
300,1655,False,,,,True,False,,True,False,False,,,,,
301,1656,False,,,,True,False,,True,False,False,,,,,
302,1657,False,,,,True,False,,True,False,False,,,,,
303,1658,False,,,,True,False,,True,False,False,,,,,
304,1659,False,,,,True,False,,True,False,False,,,,,
305,1660,False,,,,True,False,,True,False,False,,,,,
306,1661,False,,,,True,False,,True,False,False,,,,,
307,1662,False,,,,True,False,,True,False,False,,,,,
308,1663,False,,,,True,False,,True,False,False,,,,,
309,1664,False,,,,True,False,,True,False,False,,,,,
310,1665,False,,,,True,False,,True,False,False,,,,,
311,1666,False,,,,False,True,,False,False,False,,,,,
312,1667,False,,,,False,True,,False,False,False,,,,,
313,1668,False,,,,False,True,,False,False,False,,,,,
314,1669,False,,,,False,True,,False,False,False,,,,,
315,1670,False,,,,False,True,,False,False,False,,,,,
316,1671,False,,,,False,True,,False,False,False,,,,,
317,1672,False,,,,False,True,,False,False,False,,,,,
318,1673,False,,,,False,True,,False,False,False,,,,,
319,1674,False,,,,False,True,,False,False,False,,,,,
320,1675,False,,,,False,True,,False,False,False,,,,,
321,1676,False,,,,False,True,,False,False,False,,,,,
322,1677,False,,,,False,True,,False,False,False,,,,,
323,1678,False,,,,False,True,,False,False,False,,,,,
324,1679,False,,,,False,True,,False,False,False,,,,,
325,1680,False,,,,False,True,,False,False,False,,,,,
326,1681,False,,,,False,True,,False,False,False,,,,,
327,1682,False,,,,True,False,,True,False,False,,,,,
328,1683,False,,,,True,False,,True,False,False,,,,,
329,1684,False,,,,True,False,,True,False,False,,,,,
330,1685,False,,,,True,False,,True,False,False,,,,,
331,1686,False,,,,True,False,,True,False,False,,,,,
332,1687,False,,,,True,False,,True,False,False,,,,,
333,1688,False,,,,True,False,,True,False,False,,,,,
334,1689,False,,,,True,False,,True,False,False,,,,,
335,1690,False,,,,True,False,,True,False,False,,,,,
336,1691,False,,,,True,False,,True,False,False,,,,,
337,1692,False,,,,False,True,,False,False,False,,,,,
338,1693,False,,,,False,True,,False,False,False,,,,,
339,1694,False,,,,False,True,,False,False,False,,,,,
340,1695,False,,,,False,True,,False,False,False,,,,,
341,1696,False,,,,True,False,,True,False,False,,,,,
342,1697,False,,,,True,False,,True,False,False,,,,,
343,1698,False,,,,False,True,,False,False,False,,,,,
344,1699,False,,,,False,True,,False,False,False,,,,,
345,1700,False,,,,True,False,,True,False,False,,,,,
346,1701,False,,,,True,False,,True,False,False,,,,,
347,1702,False,,,,True,False,,True,False,False,,,,,
348,1703,False,,,,False,True,,False,False,False,,,,,
349,1704,False,,,,False,True,,False,False,False,,,,,
350,1705,False,,,,False,True,,False,False,False,,,,,
351,1706,False,,,,True,False,,True,False,False,,,,,
352,1707,False,,,,False,True,,False,False,False,,,,,
353,1708,False,,,,True,False,,True,False,False,,,,,
354,1709,False,,,,True,False,,True,False,False,,,,,
355,1710,False,,,,True,False,,True,False,False,,,,,
356,1711,False,,,,True,False,,True,False,False,,,,,
357,1712,False,,,,True,False,,True,False,False,,,,,
358,1713,False,,,,True,False,,True,False,False,,,,,
359,1714,False,,,,False,True,Hormoine,False,False,False,,,,,
360,1715,False,,,,False,True,Hormoine,False,False,False,,,,,
361,1716,False,,,,False,True,Hormoine,False,False,False,,,,,
362,1717,False,,,,False,True,Hormoine,False,False,False,,,,,
