id_complex,complex_multidata_id,pdb_structure,pdb_id,stoichiometry,comments_complex
0,1355,FALSE,,,
1,1356,FALSE,,,
2,1357,FALSE,,,
3,1358,FALSE,,,
4,1359,FALSE,,,
5,1360,FALSE,,,
6,1361,FALSE,,,
7,1362,FALSE,,,
8,1363,FALSE,,,
9,1364,FALSE,,,
10,1365,FALSE,,,
11,1366,FALSE,,,
12,1367,FALSE,,,
13,1368,FALSE,,,
14,1369,FALSE,,,
15,1370,FALSE,,,
16,1371,FALSE,,,
17,1372,FALSE,,,
18,1373,FALSE,,,
19,1374,FALSE,,,
20,1375,FALSE,,,
21,1376,FALSE,,,
22,1377,FALSE,,,
23,1378,FALSE,,,
24,1379,FALSE,,,
25,1380,FALSE,,,
26,1381,FALSE,,,
27,1382,FALSE,,,
28,1383,FALSE,,,
29,1384,FALSE,,,Transmembrane_serine_threonine_kinase_activin_type_1_receptor_forming_an_activin_receptor_complex_with_activin_receptor_type_2_(ACVR2A_or_ACVR2B)
30,1385,FALSE,,,Transmembrane_serine_threonine_kinase_activin_type_1_receptor_forming_an_activin_receptor_complex_with_activin_receptor_type_2_(ACVR2A_or_ACVR2B)
31,1386,FALSE,,,Transmembrane_serine_threonine_kinase_activin_type_1_receptor_forming_an_activin_receptor_complex_with_activin_receptor_type_2_(ACVR2A_or_ACVR2B)
32,1387,FALSE,,,Transmembrane_serine_threonine_kinase_activin_type_1_receptor_forming_an_activin_receptor_complex_with_activin_receptor_type_2_(ACVR2A_or_ACVR2B)
33,1388,FALSE,,,
34,1389,FALSE,,,
35,1390,FALSE,,,
36,1391,FALSE,,,May_form_homooligomers_and_heterooligomers_with_ADIPOR2
37,1392,FALSE,,,
38,1393,FALSE,,,
39,1394,FALSE,,,
40,1395,FALSE,,,
41,1396,FALSE,,,
42,1397,FALSE,,,uniprot;PMID:10896656;PMID:11360992
43,1398,FALSE,,,
44,1399,FALSE,,,
45,1400,FALSE,,,
46,1401,FALSE,,,
47,1402,FALSE,,,
48,1403,FALSE,,,
49,1404,FALSE,,,"On_ligand_binding,_forms_a_receptor_complex_consisting_of_two_type_II_and_two_type_I_transmembrane_serine_threonine_kinases"
50,1405,FALSE,,,Serine_threonine_kinase_heterodimer_upon_ligand_binding
51,1406,FALSE,,,Serine_threonine_kinase_heterodimer_upon_ligand_binding
52,1407,FALSE,,,
53,1408,FALSE,,,
54,1409,FALSE,,,
55,1410,FALSE,,,
56,1411,FALSE,,,
57,1412,FALSE,,,
58,1413,FALSE,,,
59,1414,FALSE,,,
60,1415,FALSE,,,
61,1416,FALSE,,,
62,1417,FALSE,,,
63,1418,FALSE,,,
64,1419,FALSE,,,
65,1420,TRUE,1gzp,B2M;CD1B,Heterodimer_with_B2M_(beta_2_microglobulin)_Interacts_with_MHC_II
66,1421,FALSE,,,In_general_heterodimer_of_an_a_and_a_beta_chain_linked_bytwo_disulfide_bonds_Can_also_form_homodimers
67,1422,FALSE,,,
68,1423,FALSE,,,
69,1424,FALSE,,,
70,1425,FALSE,,,
71,1426,FALSE,,,
72,1427,FALSE,,,
73,1428,FALSE,,,
74,1429,FALSE,,,"Heterotrimer_of_the_alpha_subunit,_LIFR_and_IL6ST"
75,1430,FALSE,,,
76,1431,FALSE,,,
77,1432,FALSE,,,
78,1433,FALSE,,,
79,1434,FALSE,,,
80,1435,TRUE,1exu,B2M;FCGRT,"FcRn_complex_consist_of_two_subunits:_p51,_and_p14_which_is_equivalent_to_beta_2_microglobulin_It_forms_an_MHC_class_I_like_heterodimer"
81,1436,FALSE,,,
82,1437,FALSE,,,
83,1438,FALSE,,,Can_also_form_a_heterodimer_with_KDR
84,1439,FALSE,,,
85,1440,FALSE,,,
86,1441,FALSE,,,
87,1442,FALSE,,,
88,1443,FALSE,,,
89,1444,FALSE,,,
90,1445,FALSE,,,
91,1446,FALSE,,,
92,1447,FALSE,,,
93,1448,FALSE,,,
94,1449,FALSE,,,
95,1450,FALSE,,,
96,1451,FALSE,,,
97,1452,FALSE,,,
98,1453,FALSE,,,
99,1454,FALSE,,,
100,1455,FALSE,,,
101,1456,FALSE,,,
102,1457,FALSE,,,
103,1458,FALSE,,,
104,1459,FALSE,,,
105,1460,FALSE,,,
106,1461,FALSE,,,
107,1462,FALSE,,,
108,1463,FALSE,,,
109,1464,FALSE,,,Two_GP_Ib_beta_are_disulfide_linked_to_one_GP_Ib_alpha
110,1465,binding,4nkq,CSF2;CSF2RA;CSF2RB,Heterodimer_of_an_a_and_a_beta_subunit
111,1466,FALSE,,,
112,1467,FALSE,,,
113,1468,binding,4dep,IL1B;IL1R1;IL1RAP,After_binding_to_interleukin_1_associates_with_the_corecptor_IL1RAP_to_form_the_high_affinity_interleukin_1_receptor_complex
114,1469,binding,3o4o,IL1B;IL1R2;IL1RAP,After_binding_to_interleukin_1_associates_with_the_corecptor_IL1RAP_to_form_the_high_affinity_interleukin_1_receptor_antagonist_complex
115,1470,FALSE,,,Heterodimer_of_an_alpha_and_a_beta_subunit
116,1471,FALSE,,,"On_ligand_binding,_forms_a_multimer_complex_with_IL6ST_gp130"
117,1472,TRUE,1f45,IL12A;IL12B,
118,1473,FALSE,,,"Associated_with_IL12RB2_it_forms_a_functional,_high_affinity_receptor_for_IL12"
119,1474,binding,3bpo,IL13;IL13RA1;IL4R,Together_with_IL4RA_can_form_a_functional_receptor_for_IL13
120,1475,TRUE,4gs7,IL15;IL15RA;IL2RB;IL2RG,"The_interleukin_15_receptor_IL15R_is_a_heterotrimer_of_IL15RA,_IL2RB_and_IL2RG"
121,1476,FALSE,,,
122,1477,FALSE,,,
123,1478,FALSE,,,NA;_the_heterodimer_binds_IL17AF
124,1479,FALSE,,,Forms_heterodimers_with_IL17RE;_the_heterodimer_binds_IL17C
125,1480,TRUE,3wo4,IL18;IL18R1;IL18RAP,Cytokine_receptor_family;_Interleukin_18_family
126,1481,binding,2b5i,IL2;IL2RA;IL2RB;IL2RG,"A_high_affinity_dimer,_an_intermediate_affinity_monomer_(beta_subunit)_The_high_and_intermediate_affinity_forms_also_associate_with_a_gamma_subunit"
127,1482,binding,3qaz,,
128,1483,FALSE,,,The_IL20RA_IL10RB_dimer_is_a_receptor_for_IL26
129,1484,FALSE,,,Component_of_IL22_receptor_formed_byIL22RA1_and_IL10RB
130,1485,FALSE,,,Heterodimer_with_the_common_gamma_subunit
131,1486,binding,3dgc,IL22;IL22RA1,Component_of_IL22_receptor_formed_byIL22RA1_and_IL10RB
132,1487,TRUE,3d87,IL12B;IL12B;IL23A;IL23A,
133,1488,FALSE,,,Associates_also_with_IL23R_to_form_the_interleukin_23_receptor_which_functions_in_IL23_signal_transduction
134,1489,FALSE,,,
135,1490,FALSE,,,
136,1491,FALSE,,,Requires_IL6ST_gp130_to_mediate_signal_transduction_in_response_to_IL27
137,1492,binding,5t5w,IFNL3;IFNLR1;IL10RB,IFNLR1_IL10RB_dimer_is_a_receptor
138,1493,FALSE,,,Heterodimer_of_an_a_and_a_beta_subunit
139,1494,FALSE,,,
140,1495,FALSE,,,
141,1496,FALSE,,,
142,1497,FALSE,,,After_binding_to_interleukin_36_associates_with_the_coreceptor_IL1RAP_to_form_the_interleukin_36_receptor_complex
143,1498,FALSE,,,"See_paper_Nold_Petry_et_al,_2015_Also_called_IL37"
144,1499,TRUE,3qb7,IL2RG;IL4R,"The_functional_IL4_receptor_is_formed_byinitial_binding_of_IL4_to_IL4R_Subsequent_recruitment_to_the_complex_of_the_common_gamma_chain,_in_immune_cells"
145,1500,FALSE,,,Heterodimer_of_an_alpha_and_a_beta_subunit
146,1501,binding,1p9m,IL6;IL6;IL6R;IL6R;IL6ST;IL6ST,Signal_activation_necessitate_an_association_with_IL6ST
147,1502,FALSE,,,The_IL7_receptor_is_a_heterodimer_of_IL7R_and_IL2RG
148,1503,FALSE,,,Cytokine_receptor_family;_Interleukin_9_family
149,1504,FALSE,,,Well_known_integrin_combination
150,1505,FALSE,,,Well_known_integrin_combination
151,1506,FALSE,,,Well_known_integrin_combination
152,1507,FALSE,,,Well_known_integrin_combination
153,1508,TRUE,1kup,ITGA2B;ITGB3,Well_known_integrin_combination
154,1509,FALSE,,,Well_known_integrin_combination
155,1510,FALSE,,,Well_known_integrin_combination
156,1511,FALSE,,,Well_known_integrin_combination
157,1512,FALSE,,,Well_known_integrin_combination
158,1513,FALSE,,,Well_known_integrin_combination
159,1514,FALSE,,,Well_known_integrin_combination
160,1515,FALSE,,,Well_known_integrin_combination
161,1516,FALSE,,,Well_known_integrin_combination
162,1517,FALSE,,,Well_known_integrin_combination
163,1518,FALSE,,,Well_known_integrin_combination
164,1519,FALSE,,,Well_known_integrin_combination
165,1520,FALSE,,,Well_known_integrin_combination
166,1521,FALSE,,,Well_known_integrin_combination
167,1522,FALSE,,,Well_known_integrin_combination
168,1523,TRUE,1jv2,ITGAV;ITGB3,Well_known_integrin_combination
169,1524,FALSE,,,Well_known_integrin_combination
170,1525,TRUE,4um8,ITGAV;ITGB6,Well_known_integrin_combination
171,1526,FALSE,,,Well_known_integrin_combination
172,1527,TRUE,3k6s,ITGAX;ITGB2,Well_known_integrin_combination
173,1528,FALSE,,,
174,1529,FALSE,,,
175,1530,FALSE,,,
176,1531,FALSE,,,
177,1532,FALSE,,,
178,1533,FALSE,,,
179,1534,FALSE,,,
180,1535,FALSE,,,
181,1536,FALSE,,,
182,1537,FALSE,,,
183,1538,FALSE,,,Heterodimer_composed_of_LIFR_and_IL6ST
184,1539,FALSE,,,
185,1540,FALSE,,,
186,1541,partial,3ml4,DOK7;DOK7;MUSK;MUSK,MUSK_Interacts_with_LRP4;_the_heterodimer_forms_an_AGRIN_receptor_complex_that_binds_AGRIN_resulting_in_activation_of_MUSK
187,1542,FALSE,,,
188,1543,FALSE,,,
189,1544,FALSE,,,
190,1545,FALSE,,,
191,1546,FALSE,,,
192,1547,FALSE,,,Heterohexamer_composed_of_two_subunits_of_KLRK1_and_four_subunits_of_HCST_DAP10
193,1548,FALSE,,,
194,1549,FALSE,,,
195,1550,FALSE,,,
196,1551,FALSE,,,
197,1552,FALSE,,,
198,1553,FALSE,,,
199,1554,FALSE,,,
200,1555,FALSE,,,Heterodimer_composed_of_OSMR_and_IL6ST_(type_II_OSM_receptor)
201,1556,FALSE,,,heterodimers_formed_byPDGFA_and_PDGFB
202,1557,FALSE,,,
203,1558,FALSE,,,PMID:_22325954
204,1559,FALSE,,,PMID:_22325954
205,1560,FALSE,,,PMID:_22325954
206,1561,FALSE,,,PMID:_22325954
207,1562,FALSE,,,PMID:_22325954
208,1563,FALSE,,,PMID:_22325954
209,1564,FALSE,,,
210,1565,FALSE,,,
211,1566,FALSE,,,
212,1567,FALSE,,,
213,1568,FALSE,,,
214,1569,FALSE,,,
215,1570,FALSE,,,
216,1571,FALSE,,,
217,1572,FALSE,,,
218,1573,FALSE,,,
219,1574,FALSE,,,
220,1575,FALSE,,,
221,1576,FALSE,,,
222,1577,FALSE,,,PMID:25448692
223,1578,FALSE,,,PMID:25448692
224,1579,FALSE,,,PMID:25448692
225,1580,TRUE,3n7p,CALCRL;RAMP1,Heterodimer_of_CALCRL_and_RAMP3_(bysimilarity)_Heterodimer_of_CALCRL_and_RAMP1_or_CALCRL_and_RAMP2
226,1581,TRUE,3aqf,CALCRL;RAMP2,Heterodimer_of_CALCRL_and_RAMP3_(bysimilarity)_Heterodimer_of_CALCRL_and_RAMP1_or_CALCRL_and_RAMP2
227,1582,FALSE,,,Transports_the_calcitonin_gene_related_peptide_type_1_receptor_(CALCRL)_and_GPER1_to_the_plasma_membrane
228,1583,FALSE,,,
229,1584,FALSE,,,
230,1585,FALSE,,,
231,1586,FALSE,,,
232,1587,FALSE,,,
233,1588,FALSE,,,
234,1589,FALSE,,,
235,1590,FALSE,,,
236,1591,FALSE,,,
237,1592,FALSE,,,
238,1593,FALSE,,,
239,1594,FALSE,,,
240,1595,FALSE,,,
241,1596,FALSE,,,
242,1597,FALSE,,,Homodimer;_disulfide_linked_Interacts_with_TYROBP_This_interaction_results_in_the_recruitment_of_SYK
243,1598,FALSE,,,Interacts_with_BSG;_this_is_required_for_expression_at_the_cell_membrane
244,1599,FALSE,,,
245,1600,FALSE,,,
246,1601,FALSE,,,
247,1602,FALSE,,,"Heterohexamer;_TGFB1,_TGFB2_and_TGFB3_homodimeric_ligands_assemble_a_functional_receptor_composed_of_two_TGFBR1_and_TGFBR2_heterodimers_to_form_a_ligand_receptor_heterohexamer"
248,1603,FALSE,,,
249,1604,FALSE,,,
250,1605,FALSE,,,
251,1606,FALSE,,,
252,1607,FALSE,,,
253,1608,FALSE,,,
254,1609,FALSE,,,
255,1610,FALSE,,,Interacts_with_TYROBP_DAP12
256,1611,FALSE,,,
257,1612,binding,5j11,CRLF2;IL7R;TSLP,The_TSLP_receptor_is_a_heterodimer_of_CRLF2_and_IL7R
258,1613,binding,3se3,IFNA2;IFNAR1;IFNAR2,Heterodimer_with_IFNAR2
259,1614,binding,1fg9,IFNG;IFNG;IFNGR1;IFNGR1;IFNGR1,Associates_with_IFNGR2_to_form_a_receptor_for_the_cytokine_interferon_gamma_(IFNG)
260,1615,FALSE,,,
261,1616,,,,
262,1617,,,,
263,1618,,,,
264,1619,,,,
265,1620,,,,
266,1621,,,,
267,1622,,,,
268,1623,,,,
269,1624,,,,
270,1625,,,,
271,1626,,,,
272,1627,,,,
273,1628,,,,
274,1629,,,,
275,1630,,,,
276,1631,,,,
277,1632,,,,
278,1633,,,,
279,1634,,,,
280,1635,,,,
281,1636,,,,
282,1637,,,,
283,1638,,,,
284,1639,,,,
285,1640,,,,
286,1641,,,,
287,1642,,,,
288,1643,,,,
289,1644,,,,
290,1645,,,,
291,1646,,,,
292,1647,,,,
293,1648,,,,
294,1649,,,,
295,1650,,,,
296,1651,,,,
297,1652,,,,
298,1653,,,,
299,1654,,,,
300,1655,,,,
301,1656,,,,
302,1657,,,,
303,1658,,,,
304,1659,,,,
305,1660,,,,
306,1661,,,,
307,1662,,,,
308,1663,,,,
309,1664,,,,
310,1665,,,,
311,1666,,,,
312,1667,,,,
313,1668,,,,
314,1669,,,,
315,1670,,,,
316,1671,,,,
317,1672,,,,
318,1673,,,,
319,1674,,,,
320,1675,,,,
321,1676,,,,
322,1677,,,,
323,1678,,,,
324,1679,,,,
325,1680,,,,
326,1681,,,,
327,1682,,,,
328,1683,,,,
329,1684,,,,
330,1685,,,,
331,1686,,,,
332,1687,,,,
333,1688,,,,
334,1689,,,,
335,1690,,,,
336,1691,,,,
337,1692,,,,
338,1693,,,,
339,1694,,,,
340,1695,,,,
341,1696,,,,
342,1697,,,,
343,1698,,,,
344,1699,,,,
345,1700,,,,
346,1701,,,,
347,1702,,,,
348,1703,,,,
349,1704,,,,
350,1705,,,,
351,1706,,,,
352,1707,,,,
353,1708,,,,
354,1709,,,,
355,1710,,,,
356,1711,,,,
357,1712,,,,
358,1713,,,,
359,1714,,,,
360,1715,,,,
361,1716,,,,
362,1717,,,,
