id_protein,protein_name,tags,tags_reason,tags_description,transmembrane,peripheral,secreted,secreted_desc,receptor,integrin,protein_multidata_id
0,ESR1_HUMAN,,,,False,True,False,,True,False,0
1,RORB_HUMAN,,,,False,False,False,,True,False,1
2,ABCA1_HUMAN,,,,True,False,False,,False,False,2
3,NR1H3_HUMAN,,,,False,False,False,,True,False,3
4,GCR_HUMAN,,,,False,False,False,,True,False,4
5,TAFA5_HUMAN,,,,False,False,True,,False,False,5
6,PROCR_HUMAN,,,,False,False,False,,True,False,6
7,TAFA4_HUMAN,,,,False,False,True,,False,False,7
8,G37L1_HUMAN,,,,True,False,False,,True,False,8
9,NR1H4_HUMAN,,,,False,False,False,,True,False,9
10,AMRP_HUMAN,,,,False,False,False,,False,False,10
11,RENR_HUMAN,,,,True,False,False,,True,False,11
12,ANDR_HUMAN,,,,False,False,False,,True,False,12
13,NXNL1_HUMAN,,,,False,False,False,,False,False,13
14,NR1H2_HUMAN,,,,False,False,False,,True,False,14
15,RORA_HUMAN,,,,False,False,False,,True,False,15
16,THA_HUMAN,,,,False,False,False,,True,False,16
17,RORG_HUMAN,,,,False,False,False,,True,False,17
18,GP15L_HUMAN,,,,False,False,True,,False,False,18
19,TSP2_HUMAN,,,,False,False,False,,False,False,19
20,FRIH_HUMAN,,,,False,False,False,,False,False,20
21,MCR_HUMAN,,,,False,False,False,,True,False,21
22,PPARG_HUMAN,,,,False,False,False,,True,False,22
23,PRGR_HUMAN,,,,False,False,False,,False,False,23
24,THB_HUMAN,,,,False,False,False,,False,False,24
25,FRIL_HUMAN,,,,False,False,False,,False,False,25
26,PPARD_HUMAN,,,,False,False,False,,False,False,26
27,NR1I2_HUMAN,,,,False,False,False,,True,False,27
28,ESR2_HUMAN,,,,False,False,False,,True,False,28
29,TAFA1_HUMAN,,,,False,False,True,,False,False,29
30,VDR_HUMAN,,,,False,False,False,,True,False,30
31,PPARA_HUMAN,,,,False,False,False,,True,False,31
32,5HT3E_HUMAN,,,,True,False,False,,True,False,32
33,CO6A6_HUMAN,,,Collagen,False,False,True,,False,False,33
34,CO6A5_HUMAN,,,Collagen,False,False,True,,False,False,34
35,KLRF2_HUMAN,To_comment,Extracellular_add,,True,False,False,,True,False,35
36,HLAA,,,,True,False,False,,True,False,36
37,HLAB,,,,True,False,False,,True,False,37
38,HLAC,,,,True,False,False,,True,False,38
39,SUPYN_HUMAN,,,retrovirus,False,False,True,,False,False,39
40,FZD9_HUMAN,To_comment,Extracellular_add,,True,False,False,,True,False,40
41,CCL24_HUMAN,,,,False,False,True,Cytokine,False,False,41
42,LEG9_HUMAN,To_comment,secretedhigh_add | peripheral_add,Ligand for HAVCR2/TIM3 (uniprot),False,False,True,Immune-related,False,False,42
43,TR10A_HUMAN,To_add,,TNF_receptor_add (uniprot),True,False,False,,True,False,43
44,CORT_HUMAN,,,,False,False,True,Hormone,False,False,44
45,BMR1B_HUMAN,,,,True,False,False,,True,False,45
46,SIRB1_HUMAN,To_add | To_comment,Receptor_add,Iglike | Receptor_add,True,False,False,,True,False,46
47,AGRP_HUMAN,,,,False,False,True,,False,False,47
48,LFTY2_HUMAN,,,,False,False,True,Growthfactor | Cytokine,False,False,48
49,TULP1_HUMAN,,,,False,True,True,,False,False,49
50,TR11B_HUMAN,,,,False,False,True,,False,False,50
51,CCRL2_HUMAN,,,,True,False,False,,True,False,51
52,GFRA2_HUMAN,,,,True,False,False,,True,False,52
53,AGRIN_HUMAN,,,,True,False,True,,False,False,53
54,DLL1_HUMAN,,,,True,False,False,,False,False,54
55,CXCR6_HUMAN,,,,True,False,False,,True,False,55
56,RNT2_HUMAN,,,,False,False,True,,False,False,56
57,CCL21_HUMAN,,,,False,False,True,Cytokine,False,False,57
58,ACKR2_HUMAN,,,,True,False,False,,True,False,58
59,PODXL_HUMAN,,,Migration,True,False,False,,False,False,59
60,CCL22_HUMAN,,,,False,False,True,Cytokine,False,False,60
61,WNT7A_HUMAN,,,,False,False,True,CellSignal_WNT,False,False,61
62,NRG2_HUMAN,,,,True,False,True,Growthfactor,False,False,62
63,CXL11_HUMAN,,,,False,False,True,Cytokine,False,False,63
64,TR10B_HUMAN,To_add,,TNF_receptor_add (uniprot),True,False,False,,True,False,64
65,NRP1_HUMAN,,,,True,False,True,Growthfactor,True,False,65
66,TNF11_HUMAN,,,,True,False,True,Cytokine,True,False,66
67,GDF8_HUMAN,,,,False,False,True,Growthfactor | Cytokine,False,False,67
68,TR10C_HUMAN,,,,True,False,False,,True,False,68
69,TR13B_HUMAN,To_add,,TNF_family (uniprot),True,False,False,,True,False,69
70,WNT9A_HUMAN,,,,False,False,True,,False,False,70
71,WNT9B_HUMAN,,,,False,False,True,,False,False,71
72,NCTR3_HUMAN,To_comment,Extracellular_add,,True,False,False,,True,False,72
73,EREG_HUMAN,,,,True,False,True,Growthfactor,False,False,73
74,PLXB2_HUMAN,,,,True,False,False,,True,False,74
75,SEM3E_HUMAN,,,,False,False,True,,False,False,75
76,ANGP2_HUMAN,,,,False,False,True,,False,False,76
77,MUSK_HUMAN,,,,True,False,False,,True,False,77
78,EPHB6_HUMAN,To_remove,,no ensembl,True,False,True,,True,False,78
79,GPR37_HUMAN,,,,True,False,False,,True,False,79
80,CCL25_HUMAN,,,,False,False,True,Cytokine,False,False,80
81,CCL16_HUMAN,,,,False,False,True,Cytokine,False,False,81
82,FGF10_HUMAN,,,,False,False,True,Growthfactor,False,False,82
83,PLXB1_HUMAN,,,Migration,True,False,True,,True,False,83
84,MTLR_HUMAN,,,,True,False,False,,True,False,84
85,DHH_HUMAN,,,,True,False,True,,False,False,85
86,TNF12_HUMAN,,,,True,False,True,Cytokine,False,False,86
87,GON2_HUMAN,,,,False,False,True,Hormone,False,False,87
88,TNF14_HUMAN,,,,True,False,True,Cytokine,False,False,88
89,GALR2_HUMAN,,,,True,False,False,,True,False,89
90,OREX_HUMAN,To_add | To_comment,secreted_add | extracellular_add,Genecards: hypothalamic neuropeptide precursor protein,False,False,True,,False,False,90
91,OX1R_HUMAN,,,,True,False,False,,True,False,91
92,OX2R_HUMAN,,,,True,False,False,,True,False,92
93,TYOBP_HUMAN,To_add,,complex,True,False,False,,False,False,93
94,VEGFD_HUMAN,,,,False,False,True,Growthfactor,False,False,94
95,EFNA2_HUMAN,To_comment,extracellular_add,ligandIUPHAR,True,False,False,,False,False,95
96,CXL13_HUMAN,,,,False,False,True,Cytokine,False,False,96
97,FGF17_HUMAN,,,,False,False,True,Growthfactor,False,False,97
98,FZD6_HUMAN,To_comment,Extracellular_add,,True,False,False,,True,False,98
99,GDF9_HUMAN,,,,False,False,True,Growthfactor | Cytokine,False,False,99
100,NRP2_HUMAN,To_add | To_comment,secretedhigh_add,High affinity receptor for semaphorins | Growthfactor (uniprot),True,False,True,Growthfactor,True,False,100
101,DSCAM_HUMAN,,,,True,False,True,,False,False,101
102,PLXC1_HUMAN,To_add | To_comment,transmembrane_add | receptor_add | extracellular_add,"Uniprot: Receptor for SEMA7A, for smallpox semaphorin A39R, vaccinia virus semaphorin A39R and for herpesvirus Sema protein",True,False,False,,True,False,102
103,CUBN_HUMAN,,,,True,False,False,,True,False,103
104,PSPN_HUMAN,,,,False,False,True,Growthfactor,False,False,104
105,GFRA3_HUMAN,,,,True,False,False,,True,False,105
106,GALR3_HUMAN,,,,True,False,False,,True,False,106
107,RAMP1_HUMAN,To_add,,complex,True,False,False,,True,False,107
108,RAMP2_HUMAN,To_add,,complex,True,False,False,,True,False,108
109,RAMP3_HUMAN,,,,True,False,False,,True,False,109
110,PLXA2_HUMAN,,,,True,False,False,,False,False,110
111,FZD7_HUMAN,To_comment,Extracellular_add,,True,False,False,,True,False,111
112,SLIT1_HUMAN,,,,False,False,True,,False,False,112
113,LRP4_HUMAN,To_add,,ligandIUPHAR,True,False,False,,True,False,113
114,ICOSL_HUMAN,To_add|To_comment,Extracellular_add,Iglike,True,False,False,,False,False,114
115,LRP5_HUMAN,To_add | To_comment,extracellular_add,Component of the Wnt-Fzd-LRP5-LRP6 complex (uniprot),True,False,False,,True,False,115
116,SEM7A_HUMAN,,,Possible_receptor,True,False,False,,False,False,116
117,LGR5_HUMAN,,,,True,False,False,,True,False,117
118,TNR21_HUMAN,,,,True,False,False,,True,False,118
119,ITA10_HUMAN,To_add,,Integrin (uniprot),True,False,False,,True,False,119
120,LRP6_HUMAN,,,,True,False,False,,True,False,120
121,LFTY1_HUMAN,,,,False,False,True,Growthfactor | Cytokine,False,False,121
122,TNF13_HUMAN,,,,False,False,True,Cytokine,False,False,122
123,SLIT2_HUMAN,,,,False,False,True,,False,False,123
124,DKK1_HUMAN,,,,False,False,True,,False,False,124
125,S1PR2_HUMAN,,,,True,False,False,,True,False,125
126,TNF15_HUMAN,,,,True,False,True,Cytokine,False,False,126
127,UNC5C_HUMAN,,,,True,False,False,,True,False,127
128,I18RA_HUMAN,To_add,,Iglike,True,False,False,,True,False,128
129,5HT3B_HUMAN,,,,True,False,False,,True,False,129
130,GDF11_HUMAN,,,,False,False,True,Growthfactor | Cytokine,False,False,130
131,BMP10_HUMAN,,,,False,False,True,Growthfactor | Cytokine,False,False,131
132,UTS2_HUMAN,,,,False,False,True,Hormone,False,False,132
133,TNF6B_HUMAN,,,,False,False,True,,False,False,133
134,NET1_HUMAN,,,,False,False,True,,False,False,134
135,CXL14_HUMAN,,,,False,False,True,Cytokine,False,False,135
136,CRTAM_HUMAN,To_add | To_comment,Extracellular_add,Iglike | Possible_receptor,True,False,False,,False,False,136
137,FGF19_HUMAN,,,,False,False,True,Growthfactor,False,False,137
138,IL33_HUMAN,,,,False,False,True,Cytokine,False,False,138
139,GPR75_HUMAN,,,,True,False,False,,True,False,139
140,CER1_HUMAN,,,,False,False,True,Cytokine,False,False,140
141,GLP2R_HUMAN,,,,True,False,False,,True,False,141
142,BY55_HUMAN,,,,True,False,False,,True,False,142
143,BMP15_HUMAN,,,,False,False,True,Growthfactor | Cytokine,False,False,143
144,WNT11_HUMAN,,,,False,False,True,CellSignal_WNT,False,False,144
145,EGFR_HUMAN,,,,True,False,True,,True,False,145
146,THRB_HUMAN,,,,False,False,True,,False,False,146
147,FA10_HUMAN,,,,False,False,True,,False,False,147
148,PLMN_HUMAN,,,,False,False,True,,False,False,148
149,UROK_HUMAN,,,,False,False,True,,False,False,149
150,RENI_HUMAN,,,,False,False,True,,False,False,150
151,ANGT_HUMAN,,,,False,False,True,,False,False,151
152,CO3_HUMAN,,,,False,False,True,,False,False,152
153,CO5_HUMAN,,,,False,False,True,,False,False,153
154,KNG1_HUMAN,,,,False,False,True,,False,False,154
155,PDGFB_HUMAN,,,,False,False,True,Growthfactor,False,False,155
156,EGF_HUMAN,To_add | To_comment,secreted_add | secreted_high| extracellular _add,Uniprot: EGF stimulates the growth of various epidermal and epithelial tissues in vivo and in vitro and of some fibroblasts in cell culture.,False,False,True,Growthfactor,False,False,156
157,TGFA_HUMAN,,,,True,False,True,Growthfactor,False,False,157
158,TGFB1_HUMAN,,,,False,False,True,Growthfactor,False,False,158
159,NGF_HUMAN,,,,False,False,True,Growthfactor,False,False,159
160,GON1_HUMAN,,,,False,False,True,Hormone,False,False,160
161,ANF_HUMAN,,,,False,False,True,Hormone,False,False,161
162,NEU1_HUMAN,,,,False,False,True,Hormone,False,False,162
163,NEU2_HUMAN,,,,False,False,True,Hormone,False,False,163
164,COLI_HUMAN,,,,False,False,True,Hormone,False,False,164
165,PENK_HUMAN,,,,False,False,True,,False,False,165
166,PDYN_HUMAN,,,,False,False,True,,False,False,166
167,TSHB_HUMAN,,,,False,False,True,Hormone,False,False,167
168,FSHB_HUMAN,,,,False,False,True,Hormone,False,False,168
169,LSHB_HUMAN,,,,False,False,True,Hormone,False,False,169
170,PRL_HUMAN,,,,False,False,True,Hormone,False,False,170
171,SOMA_HUMAN,,,,False,False,True,Hormone,False,False,171
172,SOM2_HUMAN,,,,False,False,True,Hormone,False,False,172
173,CALC_HUMAN,,,,False,False,True,Hormone,False,False,173
174,THYG_HUMAN,,,,False,False,True,Hormone,False,False,174
175,PTHY_HUMAN,,,,False,False,True,Hormone,False,False,175
176,GLUC_HUMAN,,,,False,False,True,Hormone,False,False,176
177,VIP_HUMAN,,,,False,False,True,Hormone,False,False,177
178,SLIB_HUMAN,,,,False,False,True,,False,False,178
179,INS_HUMAN,,,,False,False,True,Hormone,False,False,179
180,IGF2_HUMAN,,,,False,False,True,Growthfactor | Hormone,False,False,180
181,GAST_HUMAN,,,,False,False,True,Hormone,False,False,181
182,TNFB_HUMAN,,,,False,False,True,Cytokine,False,False,182
183,TNFA_HUMAN,,,,True,False,True,Cytokine,False,False,183
184,IFNA1,,,,False,False,True,Cytokine,False,False,184
185,IFNA2_HUMAN,,,,False,False,True,Cytokine,False,False,185
186,IFN10_HUMAN,,,,False,False,True,Cytokine,False,False,186
187,IFNA7_HUMAN,,,,False,False,True,Cytokine,False,False,187
188,IFN21_HUMAN,,,,False,False,True,Cytokine,False,False,188
189,IFNA5_HUMAN,,,,False,False,True,Cytokine,False,False,189
190,IFN14_HUMAN,,,,False,False,True,Cytokine,False,False,190
191,IFN17_HUMAN,,,,False,False,True,Cytokine,False,False,191
192,IFNB_HUMAN,,,,False,False,True,Cytokine,False,False,192
193,IFNG_HUMAN,,,,False,False,True,Cytokine,False,False,193
194,IL1A_HUMAN,,,,False,False,True,Cytokine,False,False,194
195,IL1B_HUMAN,,,,False,False,True,Cytokine,False,False,195
196,EPO_HUMAN,,,,False,False,True,Hormone,False,False,196
197,IL2RA_HUMAN,To_add,,Cytokine_receptor_add (uniprot),True,False,False,,True,False,197
198,CD8A_HUMAN,To_comment,Receptor_add,,True,False,True,,True,False,198
199,CO1A1_HUMAN,,,collagen,False,False,True,,False,False,199
200,CO2A1_HUMAN,,,collagen,False,False,True,,False,False,200
201,CO3A1_HUMAN,,,collagen,False,False,True,,False,False,201
202,CO4A1_HUMAN,,,collagen,False,False,True,,False,False,202
203,APOA1_HUMAN,,,,False,False,True,,False,False,203
204,APOE_HUMAN,,,,False,False,True,,False,False,204
205,APOA2_HUMAN,,,,False,False,True,,False,False,205
206,FIBA_HUMAN,,,,False,False,True,,False,False,206
207,FIBB_HUMAN,,,,False,False,True,,False,False,207
208,FIBG_HUMAN,,,,False,False,True,,False,False,208
209,ACHA_HUMAN,,,,True,False,False,,True,False,209
210,FINC_HUMAN,,,,False,False,True,,False,False,210
211,RET4_HUMAN,,,,False,False,True,,False,False,211
212,ALBU_HUMAN,,,,False,False,True,,False,False,212
213,CXCL7_HUMAN,,,,False,False,True,Growthfactor | Cytokine,False,False,213
214,PLF4_HUMAN,,,,False,False,True,Cytokine,False,False,214
215,CXL10_HUMAN,,,,False,False,True,Cytokine,False,False,215
216,TFR1_HUMAN,,,,True,False,True,,True,False,216
217,TRFE_HUMAN,,,,False,False,True,,False,False,217
218,MIS_HUMAN,,,,False,False,True,Growthfactor,False,False,218
219,VTNC_HUMAN,,,,False,False,True,,False,False,219
220,PROC_HUMAN,,,,False,False,True,,False,False,220
221,ANXA1_HUMAN,,,,False,True,True,,False,False,221
222,PDGFA_HUMAN,,,,False,False,True,Growthfactor,False,False,222
223,REL2_HUMAN,,,,False,False,True,Hormone,False,False,223
224,APOB_HUMAN,,,,False,False,True,,False,False,224
225,CSF2_HUMAN,,,,False,False,True,Growthfactor | Cytokine,False,False,225
226,THY1_HUMAN,,,,True,False,False,,False,False,226
227,HG2A_HUMAN,To_comment,Receptor_add,Chemokine_receptor_add,True,False,False,,True,False,227
228,VWF_HUMAN,,,,False,False,True,,False,False,228
229,ERBB2_HUMAN,,,,True,False,False,,True,False,229
230,WNT1_HUMAN,,,,False,False,True,CellSignal_WNT,False,False,230
231,NTRK1_HUMAN,,,,True,False,False,,True,False,231
232,IFNW1_HUMAN,,,,False,False,True,Cytokine,False,False,232
233,IFNA6_HUMAN,,,,False,False,True,Cytokine,False,False,233
234,IFNA4_HUMAN,,,,False,False,True,Cytokine,False,False,234
235,IFN16_HUMAN,,,,False,False,True,Cytokine,False,False,235
236,IGF1_HUMAN,,,,False,False,True,Growthfactor,False,False,236
237,A4_HUMAN,To_add,,ligandIUPHAR,True,False,False,,False,False,237
238,ITB3_HUMAN,,,Migration,True,False,False,,True,False,238
239,ITB2_HUMAN,To_add,,Integrin (uniprot),True,False,False,,True,False,239
240,INHA_HUMAN,,,,False,False,True,Growthfactor | Hormone,False,False,240
241,IL4_HUMAN,,,,False,False,True,Growthfactor | Cytokine,False,False,241
242,IL5_HUMAN,,,,False,False,True,Growthfactor | Cytokine,False,False,242
243,FGF1_HUMAN,,,,False,False,True,Growthfactor,False,False,243
244,IL6_HUMAN,,,,False,False,True,Growthfactor | Cytokine,False,False,244
245,ICAM1_HUMAN,To_add | To_comment,,Iglike | ligandIUPHAR,True,False,False,,True,False,245
246,ITB1_HUMAN,,,Migration,True,False,False,,True,False,246
247,CO5A2_HUMAN,,,Collagen,False,False,True,,False,False,247
248,INSR_HUMAN,,,,True,False,False,,True,False,248
249,LCK_HUMAN,To_comment,Extracellular_add,,True,False,False,,False,False,249
250,CCKN_HUMAN,,,,False,False,True,Hormone,False,False,250
251,CD2_HUMAN,To_add | To_comment,Receptor_add,Iglike | Receptor_add,True,False,False,,True,False,251
252,CEAM5_HUMAN,To_comment,Adhesion_add,,True,False,False,,False,False,252
253,FCER2_HUMAN,,,,True,False,True,,True,False,253
254,ITAV_HUMAN,To_add | To_comment,Adhesion_add,Migration | Adhesion_add (uniprot),True,False,False,,True,False,254
255,CRF_HUMAN,,,,False,False,True,Hormone,False,False,255
256,TRBM_HUMAN,To_add,,endothelial cell receptor (uniprot),True,False,False,,True,False,256
257,PDIA1_HUMAN,,,,False,True,False,,False,False,257
258,CSF1R_HUMAN,,,,True,False,False,,True,False,258
259,GP1BA_HUMAN,To_add,,a surface membrane protein of platelets (uniprot),True,False,False,,False,False,259
260,GRP_HUMAN,,,,False,False,True,,False,False,260
261,ADRB2_HUMAN,,,,True,False,False,,True,False,261
262,SAP_HUMAN,,,,False,False,True,,False,False,262
263,RET_HUMAN,,,,True,False,False,,False,False,263
264,TSP1_HUMAN,To_add | To_comment,Extracellular_add,Adhesive glycoprotein that mediates cell-to-cell and cell-to-matrix interactions (uniprot),False,True,False,,False,False,264
265,IGF1R_HUMAN,,,,True,False,False,,True,False,265
266,CO1A2_HUMAN,,,Collagen,False,False,True,,False,False,266
267,TNR16_HUMAN,To_add,,TNF_receptor_add (uniprot),True,False,False,,True,False,267
268,ACM2_HUMAN,,,,True,False,False,,True,False,268
269,ACM4_HUMAN,,,,True,False,False,,True,False,269
270,DAF_HUMAN,,,,True,False,True,,True,False,270
271,MMP2_HUMAN,,,,False,False,True,,False,False,271
272,INHBA_HUMAN,,,,False,False,True,Growthfactor | Hormone,False,False,272
273,ITA2B_HUMAN,To_add,,Integrin (uniprot),True,False,False,,True,False,273
274,CO4A2_HUMAN,,,Collagen,False,False,True,,False,False,274
275,PTPRC_HUMAN,To_add | To_comment,transmembrane_add | extracellular_add,Uniprot: Protein tyrosine-protein phosphatase required for T-cell activation,True,False,False,,False,False,275
276,MET_HUMAN,To_add | To_comment,transmembrane_add | receptor_add | extracellular_add,,True,False,False,,True,False,276
277,ADRB1_HUMAN,,,,True,False,False,,True,False,277
278,FGF4_HUMAN,,,,False,False,True,Growthfactor,False,False,278
279,ITA5_HUMAN,To_add,,Integrin (uniprot),True,False,False,,True,False,279
280,IL3_HUMAN,,,,False,False,True,Growthfactor | Cytokine,False,False,280
281,IL6RA_HUMAN,,,,True,False,True,Cytokine,True,False,281
282,5HT1A_HUMAN,,,,True,False,False,,True,False,282
283,ACM5_HUMAN,,,,True,False,False,,True,False,283
284,ADA2A_HUMAN,,,,True,False,False,,True,False,284
285,NMB_HUMAN,,,,False,False,True,,False,False,285
286,FGF2_HUMAN,,,,False,False,True,Growthfactor,False,False,286
287,DOPO_HUMAN,,,,False,False,True,,False,False,287
288,CD48_HUMAN,To_comment,Extracellular_add,,True,False,False,,False,False,288
289,GROA_HUMAN,,,,False,False,True,Growthfactor | Cytokine,False,False,289
290,INHBB_HUMAN,,,,False,False,True,Growthfactor | Hormone,False,False,290
291,WNT2_HUMAN,,,,False,False,True,CellSignal_WNT,False,False,291
292,CSF1_HUMAN,,,,True,False,True,Growthfactor | Cytokine,False,False,292
293,PGFRB_HUMAN,To_comment,,Migration,True,False,False,,True,False,293
294,GIP_HUMAN,,,,False,False,True,Hormone,False,False,294
295,SECR_HUMAN,,,,False,False,True,Hormone,False,False,295
296,LOX5_HUMAN,To_add,,,False,False,False,,False,False,296
297,CSF3_HUMAN,,,,False,False,True,Growthfactor | Cytokine,False,False,297
298,CO4A_HUMAN,,,,False,False,True,,False,False,298
299,NPS_HUMAN,,,,False,False,True,,False,False,299
300,CFC1_HUMAN,,,,True,False,True,,False,False,300
301,SAA1_HUMAN,,,,False,False,True,,False,False,301
302,ELA_HUMAN,,,,False,False,True,Hormone,False,False,302
303,AA3R_HUMAN,,,,True,False,False,,True,False,303
304,CALCB_HUMAN,,,,False,False,True,Hormone,False,False,304
305,IL8_HUMAN,,,,False,False,True,Cytokine,False,False,305
306,CCL3_HUMAN,,,,False,False,True,Cytokine,False,False,306
307,OSTP_HUMAN,,,,False,False,True,Cytokine,False,False,307
308,TGFB3_HUMAN,To_add | To_comment,extracellular_add,TGFbeta_family | ligandIUPHAR,True,False,True,Growthfactor | Cytokine,False,False,308
309,KIT_HUMAN,,,,True,False,False,,True,False,309
310,CD28_HUMAN,To_add | To_comment,Extracellular_add,Iglike,True,False,False,,False,False,310
311,FGF6_HUMAN,,,,False,False,True,Growthfactor,False,False,311
312,CLUS_HUMAN,,,,False,False,True,,False,False,312
313,GHR_HUMAN,,,,True,False,True,,True,False,313
314,CD8B_HUMAN,To_comment,Receptor_add,,True,False,True,,True,False,314
315,IAPP_HUMAN,,,,False,False,True,Hormone,False,False,315
316,LAMC1_HUMAN,,,laminin,False,False,True,,False,False,316
317,ITAM_HUMAN,To_add,,Integrin (uniprot),True,False,False,,True,False,317
318,ACM1_HUMAN,,,,True,False,False,,True,False,318
319,BCR_HUMAN,,,,True,False,False,,False,False,319
320,FGFR1_HUMAN,To_comment,,Migration,True,False,False,,True,False,320
321,FGF3_HUMAN,,,,False,False,True,Growthfactor,False,False,321
322,MPRI_HUMAN,To_add | To_comment,transmembrane_add | receptor_add | extracellular_add,,True,False,False,,True,False,322
323,FGF5_HUMAN,,,,False,False,True,Growthfactor,False,False,323
324,COBA1_HUMAN,,,Collagen,False,False,True,,False,False,324
325,CO6A1_HUMAN,,,Collagen,False,False,True,,False,False,325
326,CO6A2_HUMAN,,,Collagen,False,False,True,,False,False,326
327,CO6A3_HUMAN,,,Collagen,False,False,True,,False,False,327
328,PTHR_HUMAN,,,,False,False,True,Hormone,False,False,328
329,BMP2_HUMAN,,,,False,False,True,Growthfactor | Cytokine,False,False,329
330,BMP4_HUMAN,,,,False,False,True,Growthfactor | Cytokine,False,False,330
331,CADH1_HUMAN,,,Cadherin,True,False,False,,False,False,331
332,MOTI_HUMAN,,,,False,False,True,Hormone,False,False,332
333,GP1BB_HUMAN,To_add,,surface membrane protein of platelets (uniprot),True,False,False,,False,False,333
334,IL7_HUMAN,,,,False,False,True,Growthfactor | Cytokine,False,False,334
335,CCL4_HUMAN,,,,False,False,True,Cytokine,False,False,335
336,TDGF1_HUMAN,,,,True,False,False,,False,False,336
337,CCL2_HUMAN,,,,False,False,True,Cytokine,False,False,337
338,CCL5_HUMAN,,,,False,False,True,Cytokine,False,False,338
339,NCAM1_HUMAN,,,,True,False,True,,True,False,339
340,ICAM2_HUMAN,To_add | To_comment,Extracellular_add,Iglike | ligandIUPHAR,True,False,False,,False,False,340
341,ITA4_HUMAN,To_add,,Integrin (uniprot),True,False,False,,True,False,341
342,CEAM1_HUMAN,To_comment,Extracellular_add,Migration,True,False,True,,False,False,342
343,ONCM_HUMAN,,,,False,False,True,Cytokine,False,False,343
344,HLAE_HUMAN,To_add | To_comment,Extracellular_add,Iglike,True,False,False,,False,False,344
345,COBA2_HUMAN,,,Collagen,False,False,True,,False,False,345
346,ADRB3_HUMAN,,,,True,False,False,,True,False,346
347,LYAM1_HUMAN,To_add,,Cell surface adhesion protein (uniprot),True,False,False,,False,False,347
348,CD99_HUMAN,To_add,,Involved in T-cell adhesion (uniprot),True,False,False,,False,False,348
349,HGF_HUMAN,To_add | To_comment,secreted_add | secreted_high | extracellular_add,"Uniprot: Potent mitogen for mature parenchymal hepatocyte cells, seems to be a hepatotrophic factor, and acts as a growth factor for a broad spectrum of tissues and cell types.",False,False,True,Growthfactor,False,False,349
350,DRD2_HUMAN,,,,True,False,False,,True,False,350
351,PA2GA_HUMAN,,,,False,True,True,,False,False,351
352,IL1R1_HUMAN,,,,True,False,True,Cytokine,True,False,352
353,IL2RB_HUMAN,To_add,,cytokine_receptor,True,False,False,,True,False,353
354,LIF_HUMAN,,,,False,False,True,Growthfactor | Cytokine,False,False,354
355,PVR_HUMAN,,,,True,False,True,,True,False,355
356,IL9_HUMAN,,,,False,False,True,Growthfactor | Cytokine,False,False,356
357,INGR1_HUMAN,,,,True,False,False,,True,False,357
358,EZRI_HUMAN,,,,False,True,False,,False,False,358
359,CSF2R_HUMAN,,,,True,False,True,,True,False,359
360,AREG_HUMAN,To_add | To_comment,secreted_add | secreted_high | extracellular_add,"Uniprot: Ligand of the EGF receptor/EGFR. Autocrine growth factor as well as a mitogen for a broad range of target cells including astrocytes, Schwann cells and fibroblasts.",False,False,True,Growthfactor,False,False,360
361,MCP_HUMAN,To_add,,costimulatory factor (uniprot),True,False,False,,True,False,361
362,VEGFA_HUMAN,,,,False,False,True,Growthfactor,False,False,362
363,CD1D_HUMAN,,,,True,False,False,,False,False,363
364,ANPRA_HUMAN,To_add,,Receptor (uniprot),True,False,False,,True,False,364
365,CD44_HUMAN,,,,True,False,False,,True,False,365
366,LYAM3_HUMAN,To_add,,Ca2+-dependent receptor (uniprot),True,False,False,,False,False,366
367,ITB4_HUMAN,,,Integrin,True,False,False,,True,False,367
368,LEUK_HUMAN,To_add | To_comment,transmembrane_add | extracellular_add,Uniprot: cell surface sialoprotein,True,False,False,,False,False,368
369,PGFRA_HUMAN,,,,True,False,False,,True,False,369
370,PECA1_HUMAN,,,,True,False,False,,True,False,370
371,CTLA4_HUMAN,To_comment,Extracellular_add,,True,False,False,,False,False,371
372,DPEP1_HUMAN,,,,True,False,False,,False,False,372
373,PRLR_HUMAN,To_add,,cytokine_receptor,True,False,True,,True,False,373
374,TSHR_HUMAN,,,,True,False,False,,True,False,374
375,LYAM2_HUMAN,,,,True,False,False,,False,False,375
376,CCL3L1,,,,False,False,True,Cytokine,False,False,376
377,CD36_HUMAN,,,,True,False,False,,True,False,377
378,IL7RA_HUMAN,,,,True,False,True,Cytokine,True,False,378
379,INAR1_HUMAN,,,,True,False,False,,True,False,379
380,ITA2_HUMAN,To_add,,Integrin (uniprot),True,False,False,,True,False,380
381,HLAG_HUMAN,To_add | To_comment,Extracellular_add | Receptor_add,Iglike,True,False,False,,True,False,381
382,ACHB2_HUMAN,,,,True,False,False,,True,False,382
383,LEG3_HUMAN,,,,False,False,True,,False,False,383
384,IBP3_HUMAN,,,,False,False,True,,False,False,384
385,VGFR1_HUMAN,,,Migration,True,False,True,,True,False,385
386,BMP7_HUMAN,,,,False,False,True,Growthfactor | Cytokine,False,False,386
387,ITB5_HUMAN,To_add,,Integrin (uniprot),True,False,False,,True,False,387
388,ADA2B_HUMAN,To_remove,,no ensembl,True,False,False,,True,False,388
389,PACA_HUMAN,,,,False,False,True,Hormone,False,False,389
390,IL1RA_HUMAN,,,,False,False,True,Cytokine,False,False,390
391,ITB6_HUMAN,To_add,,Integrin (uniprot),True,False,False,,True,False,391
392,LAG3_HUMAN,To_add | To_comment,,Iglike | Possible_receptor,True,False,False,,False,False,392
393,ADA2C_HUMAN,,,,True,False,False,,True,False,393
394,CADH2_HUMAN,,,Migration,True,False,False,,False,False,394
395,EPOR_HUMAN,,,,True,False,True,,True,False,395
396,LFA3_HUMAN,To_comment,Extracellular_add,,True,False,False,,False,False,396
397,VCAM1_HUMAN,To_add | To_comment,,Iglike | ligandIUPHAR,True,False,False,,False,False,397
398,TNR1A_HUMAN,,,,True,False,True,,True,False,398
399,GGT1_HUMAN,,,,True,False,False,,False,False,399
400,CEL_HUMAN,To_remove,,no ensembl,False,False,True,,False,False,400
401,CXCL2_HUMAN,,,,False,False,True,Cytokine,False,False,401
402,CXCL3_HUMAN,,,,False,False,True,Cytokine,False,False,402
403,CR2_HUMAN,To_add,,Receptor for complement C3Dd (uniprot),True,False,False,,True,False,403
404,CD22_HUMAN,To_comment,Receptor_add,,True,False,False,,True,False,404
405,AL5AP_HUMAN,To_add,,,False,False,False,,False,False,405
406,ACM3_HUMAN,,,,True,False,False,,True,False,406
407,TNR1B_HUMAN,,,,True,False,True,,True,False,407
408,TKN1_HUMAN,,,,False,False,True,,False,False,408
409,MCH_HUMAN,,,,False,False,True,Hormone,False,False,409
410,TRH_HUMAN,,,,False,False,True,Hormone,False,False,410
411,ITAL_HUMAN,To_comment,Extracellular_add,Integrin,True,False,False,,True,False,411
412,ITAX_HUMAN,To_add,,Integrin (uniprot),True,False,False,,True,False,412
413,NTF3_HUMAN,,,,False,False,True,Growthfactor,False,False,413
414,IL11_HUMAN,,,,False,False,True,Growthfactor | Cytokine,False,False,414
415,EFNA1_HUMAN,To_comment,extracellular_add,ligandIUPHAR,True,False,True,,False,False,415
416,CO9A1_HUMAN,,,Collagen,False,False,True,,False,False,416
417,CO5A1_HUMAN,,,Collagen,False,False,True,,False,False,417
418,PTN_HUMAN,,,,False,False,True,Growthfactor,False,False,418
419,NK2R_HUMAN,,,,True,False,False,,True,False,419
420,FPR1_HUMAN,,,,True,False,False,,True,False,420
421,CNR1_HUMAN,,,,True,False,False,,True,False,421
422,SCF_HUMAN,,,,True,False,True,Growthfactor,False,False,422
423,EPHA1_HUMAN,,,,True,False,False,,True,False,423
424,DRD1_HUMAN,,,,True,False,False,,True,False,424
425,C5AR1_HUMAN,,,,True,False,False,,True,False,425
426,TA2R_HUMAN,,,,True,False,False,,True,False,426
427,MK_HUMAN,,,,False,False,True,Growthfactor,False,False,427
428,FGF7_HUMAN,,,,False,False,True,Growthfactor,False,False,428
429,FGFR2_HUMAN,,,,True,False,True,Growthfactor,True,False,429
430,CD72_HUMAN,To_add | To_comment,Extracellular_add,Plays a role in B-cell proliferation and differentiation (uniprot),True,False,False,,False,False,430
431,ERBB3_HUMAN,,,,True,False,True,,True,False,431
432,DRD4_HUMAN,,,,True,False,False,,True,False,432
433,DRD5_HUMAN,,,,True,False,False,,True,False,433
434,BMP5_HUMAN,,,,False,False,True,Growthfactor | Cytokine,False,False,434
435,BMP6_HUMAN,,,,False,False,True,Growthfactor | Cytokine,False,False,435
436,CADH3_HUMAN,,,Cadherin,True,False,False,,False,False,436
437,IL10_HUMAN,,,,False,False,True,Cytokine,False,False,437
438,CCL1_HUMAN,,,,False,False,True,Cytokine,False,False,438
439,FGFR4_HUMAN,,,Migration,True,False,True,Growthfactor,True,False,439
440,GALA_HUMAN,,,,False,False,True,Hormone,False,False,440
441,FGFR3_HUMAN,,,,True,False,True,Growthfactor,True,False,441
442,LSHR_HUMAN,,,,True,False,False,,True,False,442
443,MRC1_HUMAN,,,,True,False,False,,True,False,443
444,ITA6_HUMAN,,,Integrin,True,False,False,,True,False,444
445,PTPRZ_HUMAN,,,,True,False,True,,False,False,445
446,TNFL4_HUMAN,To_add,,ligandIUPHAR,True,False,False,,False,False,446
447,BDNF_HUMAN,,,,False,False,True,Growthfactor,False,False,447
448,FSHR_HUMAN,,,,True,False,False,,True,False,448
449,IL4RA_HUMAN,,,,True,False,True,Cytokine,True,False,449
450,TENA_HUMAN,,,,False,False,True,,False,False,450
451,HRH2_HUMAN,,,,True,False,False,,True,False,451
452,CXCR1_HUMAN,,,,True,False,False,,True,False,452
453,CXCR2_HUMAN,,,,True,False,False,,True,False,453
454,CD24_HUMAN,,,cancer antigen,True,False,False,,False,False,454
455,CO8A2_HUMAN,,,Collagen,False,False,True,,False,False,455
456,FPR3_HUMAN,,,,True,False,False,,True,False,456
457,FPR2_HUMAN,,,,True,False,False,,True,False,457
458,ADA1D_HUMAN,,,,True,False,False,,True,False,458
459,NK1R_HUMAN,,,,True,False,False,,True,False,459
460,ACKR3_HUMAN,To_comment,Receptor_add,CoReceptor_Acts as coreceptor with CXCR4 for a restricted number of HIV isolates (uniprot),True,False,False,,True,False,460
461,TNR6_HUMAN,,,,True,False,True,,True,False,461
462,CO5A3_HUMAN,,,Collagen,False,False,True,,False,False,462
463,TNR5_HUMAN,To_comment,Extracellular_add,,True,False,True,,True,False,463
464,ITA3_HUMAN,,,Integrin,True,False,False,,True,False,464
465,ITB7_HUMAN,To_add,,Integrin (uniprot),True,False,False,,True,False,465
466,ITB8_HUMAN,To_add,,Integrin (uniprot),True,False,False,,True,False,466
467,CNTF_HUMAN,To_add,,ligandIUPHAR,False,False,True,cytokine,False,False,467
468,NKG2A_HUMAN,To_add | To_comment,Extracellular_add,KLR_add (uniprot),True,False,False,,True,False,468
469,NKG2C_HUMAN,To_add | To_comment,Extracellular_add,KLR_add (uniprot),True,False,False,,True,False,469
470,NKG2D_HUMAN,To_comment,Extracellular_add,,True,False,False,,True,False,470
471,CD27_HUMAN,To_add,,Cytokine_receptor_add (uniprot),True,False,False,,True,False,471
472,HGFL_HUMAN,To_remove,,no ensembl,False,False,True,,False,False,472
473,IL3RA_HUMAN,To_add,,cytokine_receptor,True,False,False,,True,False,473
474,CNTFR_HUMAN,,,,True,False,False,,True,False,474
475,AVR2A_HUMAN,To_add,,complex (uniprot),True,False,False,,True,False,475
476,DPP4_HUMAN,,,,True,False,True,,True,False,476
477,GDF1_HUMAN,,,,False,False,True,Growthfactor | Cytokine,False,False,477
478,CO8A1_HUMAN,,,Collagen,False,False,True,,False,False,478
479,IL1R2_HUMAN,,,,True,False,True,Cytokine,True,False,479
480,5HT1D_HUMAN,,,,True,False,False,,True,False,480
481,5HT1B_HUMAN,,,,True,False,False,,True,False,481
482,5HT2A_HUMAN,,,,True,False,False,,True,False,482
483,5HT2C_HUMAN,,,,True,False,False,,True,False,483
484,NMBR_HUMAN,,,,True,False,False,,True,False,484
485,5HT1E_HUMAN,,,,True,False,False,,True,False,485
486,CD34_HUMAN,To_add,,Possible adhesion molecule (uniprot),True,False,False,,False,False,486
487,CD38_HUMAN,To_add,,moonlights as a receptor in cells of the immune system (uniprot),True,False,False,,True,False,487
488,TNR8_HUMAN,,,,True,False,False,,True,False,488
489,AA2AR_HUMAN,,,,True,False,False,,True,False,489
490,AA2BR_HUMAN,,,,True,False,False,,True,False,490
491,EPHA2_HUMAN,,,Migration,True,False,False,,True,False,491
492,EPHA3_HUMAN,,,Migration,True,False,True,,True,False,492
493,EPHA8_HUMAN,,,,True,False,False,,True,False,493
494,EPHB2_HUMAN,To_comment,Adhesion_add,,True,False,False,,True,False,494
495,NK3R_HUMAN,,,,True,False,False,,True,False,495
496,CO4A5_HUMAN,,,Collagen,False,False,True,,False,False,496
497,IL12A_HUMAN,,,,False,False,True,Growthfactor | Cytokine,False,False,497
498,IL12B_HUMAN,,,,False,False,True,Cytokine,False,False,498
499,CD40L_HUMAN,,,,True,False,True,Cytokine,False,False,499
500,CD6_HUMAN,,,,True,False,True,,False,False,500
501,BKRB2_HUMAN,,,,True,False,False,,True,False,501
502,HLAF_HUMAN,To_add,,Iglike,True,False,False,,False,False,502
503,V2R_HUMAN,,,,True,False,False,,True,False,503
504,UFO_HUMAN,,,,True,False,False,,True,False,504
505,ACHA5_HUMAN,,,,True,False,False,,True,False,505
506,AA1R_HUMAN,,,,True,False,False,,True,False,506
507,GRPR_HUMAN,,,,True,False,False,,True,False,507
508,AGTR1_HUMAN,,,,True,False,False,,True,False,508
509,OXYR_HUMAN,,,,True,False,False,,True,False,509
510,SSR1_HUMAN,,,,True,False,False,,True,False,510
511,SSR2_HUMAN,,,,True,False,False,,True,False,511
512,ACHB4_HUMAN,,,,True,False,False,,True,False,512
513,5HT1F_HUMAN,,,,True,False,False,,True,False,513
514,GNRHR_HUMAN,,,,True,False,False,,True,False,514
515,CALCR_HUMAN,,,,True,False,False,,True,False,515
516,NEUT_HUMAN,,,,False,False,True,,False,False,516
517,CD52_HUMAN,,,,True,False,False,,False,False,517
518,FGF9_HUMAN,,,,False,False,True,Growthfactor,False,False,518
519,SSR4_HUMAN,,,Migration,True,False,False,,True,False,519
520,IL2RG_HUMAN,To_add,,cytokine_receptor,True,False,False,,True,False,520
521,CEAM8_HUMAN,To_comment,Adhesion_add,,True,False,False,,False,False,521
522,L1CAM_HUMAN,,,,True,False,False,,False,False,522
523,CCKAR_HUMAN,,,,True,False,False,,True,False,523
524,GASR_HUMAN,,,,True,False,False,,True,False,524
525,VIPR1_HUMAN,,,,True,False,False,,True,False,525
526,MC4R_HUMAN,,,,True,False,False,,True,False,526
527,CCR1_HUMAN,,,,True,False,False,,True,False,527
528,CCR7_HUMAN,,,,True,False,False,,True,False,528
529,ACHA3_HUMAN,,,,True,False,False,,True,False,529
530,CXCR5_HUMAN,,,,True,False,False,,True,False,530
531,SSR3_HUMAN,,,,True,False,False,,True,False,531
532,IFNA8_HUMAN,,,,False,False,True,Cytokine,False,False,532
533,IL3RB_HUMAN,To_add,,cytokine_receptor,True,False,False,,True,False,533
534,ICAM3_HUMAN,To_add | To_comment,Extracellular_add,Iglike,True,False,False,,False,False,534
535,CD70_HUMAN,To_add | To_comment,secreted_highlight,Cytokine that binds to CD27 (uniprot),False,False,True,Cytokine,False,False,535
536,TNFL8_HUMAN,To_add,,ligandIUPHAR,True,False,False,,False,False,536
537,MC5R_HUMAN,,,,True,False,False,,True,False,537
538,CADH5_HUMAN,,,Cadherin,True,False,False,,False,False,538
539,CD80_HUMAN,To_add | To_comment,Extracellular_add,Iglike,True,False,False,,True,False,539
540,NTF4_HUMAN,,,,False,False,True,Growthfactor,False,False,540
541,RYK_HUMAN,To_remove,,no ensembl,True,False,False,,True,False,541
542,5HT7R_HUMAN,,,,True,False,False,,True,False,542
543,CNR2_HUMAN,,,,True,False,False,,True,False,543
544,TRFR_HUMAN,,,,True,False,False,,True,False,544
545,PE2R1_HUMAN,,,,True,False,False,,True,False,545
546,CRFR1_HUMAN,,,,True,False,False,,True,False,546
547,BTC_HUMAN,,,,True,False,True,Growthfactor,False,False,547
548,IL13_HUMAN,,,,False,False,True,Cytokine,False,False,548
549,ADML_HUMAN,,,,False,False,True,Hormone,False,False,549
550,SSR5_HUMAN,,,,True,False,False,,True,False,550
551,ADA1A_HUMAN,,,,True,False,False,,True,False,551
552,HRH1_HUMAN,,,,True,False,False,,True,False,552
553,ADA1B_HUMAN,,,,True,False,False,,True,False,553
554,OPRM_HUMAN,,,,True,False,False,,True,False,554
555,PE2R4_HUMAN,,,,True,False,False,,True,False,555
556,APJ_HUMAN,,,,True,False,False,,True,False,556
557,DRD3_HUMAN,,,,True,False,False,,True,False,557
558,FBN1_HUMAN,,,,False,False,True,Hormone,False,False,558
559,BASI_HUMAN,,,Possible_receptor,True,False,False,,False,False,559
560,VGFR3_HUMAN,,,,True,False,True,,True,False,560
561,VGFR2_HUMAN,,,,True,False,True,,True,False,561
562,ACHA7_HUMAN,,,,True,False,False,,True,False,562
563,FLT3_HUMAN,To_add | To_comment,Extracellular_add,Iglike,True,False,False,,True,False,563
564,BMR1A_HUMAN,To_add | To_comment,Extracellular_add,complex (uniprot),True,False,False,,True,False,564
565,ACV1B_HUMAN,,,IUPHAR,True,False,False,,True,False,565
566,TGFR1_HUMAN,,,,True,False,False,,True,False,566
567,TNR3_HUMAN,To_add,,TNF_receptor_add (uniprot),True,False,False,,True,False,567
568,ACVL1_HUMAN,,,,True,False,False,,True,False,568
569,TGFR2_HUMAN,,,,True,False,False,,True,False,569
570,V1AR_HUMAN,,,,True,False,False,,True,False,570
571,INGR2_HUMAN,,,,True,False,False,,True,False,571
572,ITAE_HUMAN,To_add,,Integrin (uniprot),True,False,False,,True,False,572
573,COFA1_HUMAN,,,Collagen,False,False,True,,False,False,573
574,COIA1_HUMAN,,,Collagen,False,False,True,,False,False,574
575,GDNF_HUMAN,,,,False,False,True,Growthfactor,False,False,575
576,IL6RB_HUMAN,,,,True,False,True,Cytokine,True,False,576
577,CEAM6_HUMAN,To_comment,Adhesion_add,,True,False,False,,False,False,577
578,TACT_HUMAN,To_add | To_comment,Receptor_add | Extracellular_add,Iglike | Receptor_add,True,False,False,,True,False,578
579,TPO_HUMAN,,,,False,False,True,Cytokine | Hormone,False,False,579
580,TPOR_HUMAN,,,,True,False,False,,True,False,580
581,IL15_HUMAN,,,,False,False,True,Cytokine,False,False,581
582,OPRD_HUMAN,,,,True,False,False,,True,False,582
583,OPRK_HUMAN,,,,True,False,False,,True,False,583
584,OPRX_HUMAN,,,,True,False,False,,True,False,584
585,LEP_HUMAN,,,,False,False,True,,False,False,585
586,OX2G_HUMAN,To_comment,Extracellular_add,,True,False,False,,False,False,586
587,WNT5A_HUMAN,,,,False,False,True,CellSignal_WNT,False,False,587
588,TNFL9_HUMAN,To_add,,ligandIUPHAR,True,False,True,cytokine,False,False,588
589,VIPR2_HUMAN,,,,True,False,False,,True,False,589
590,5HT2B_HUMAN,,,,True,False,False,,True,False,590
591,CCR2_HUMAN,,,,True,False,False,,True,False,591
592,MC3R_HUMAN,,,,True,False,False,,True,False,592
593,CD86_HUMAN,To_comment,Extracellular_add,,True,False,False,,True,False,593
594,ASIP_HUMAN,,,,False,False,True,,False,False,594
595,I12R1_HUMAN,To_add,,cytokine_receptor,True,False,False,,True,False,595
596,LIFR_HUMAN,,,,True,False,True,,True,False,596
597,CXCL5_HUMAN,,,,False,False,True,Cytokine,False,False,597
598,GDF5_HUMAN,,,,True,False,True,Growthfactor | Cytokine,False,False,598
599,PF2R_HUMAN,,,,True,False,False,,True,False,599
600,PE2R3_HUMAN,,,,True,False,False,,True,False,600
601,PE2R2_HUMAN,,,,True,False,False,,True,False,601
602,PI2R_HUMAN,,,,True,False,False,,True,False,602
603,DCC_HUMAN,To_add,,Iglike,True,False,False,,True,False,603
604,GLP1R_HUMAN,,,,True,False,False,,True,False,604
605,TNR4_HUMAN,To_add,,TNF_receptor_add (uniprot),True,False,False,,True,False,605
606,KI2L1_HUMAN,To_comment,Extracellular_add,,True,False,False,,True,False,606
607,KI2L3_HUMAN,To_comment,Extracellular_add,,True,False,False,,True,False,607
608,KI3L1_HUMAN,To_comment,Extracellular_add,,True,False,False,,True,False,608
609,KI3L2_HUMAN,To_comment,Extracellular_add,,True,False,False,,True,False,609
610,ACHA4_HUMAN,,,,True,False,False,,True,False,610
611,GPR1_HUMAN,,,,True,False,False,,True,False,611
612,CCR10_HUMAN,,,,True,False,False,,True,False,612
613,XCR1_HUMAN,,,,True,False,False,,True,False,613
614,5HT3A_HUMAN,,,,True,False,False,,True,False,614
615,BAG6_HUMAN,To_add | To_comment,Extracellular_add,complex,False,True,False,,False,False,615
616,NOTC1_HUMAN,,,,True,False,False,,True,False,616
617,BKRB1_HUMAN,,,Migration,True,False,False,,True,False,617
618,GALR1_HUMAN,,,,True,False,False,,True,False,618
619,GLR_HUMAN,,,,True,False,False,,True,False,619
620,SCTR_HUMAN,,,,True,False,False,,True,False,620
621,5HT5A_HUMAN,,,,True,False,False,,True,False,621
622,V1BR_HUMAN,,,,True,False,False,,True,False,622
623,XCL1_HUMAN,,,,False,False,True,Cytokine,False,False,623
624,TNFL6_HUMAN,,,,True,False,True,Cytokine,False,False,624
625,MTR1A_HUMAN,,,,True,False,False,,True,False,625
626,SDF1_HUMAN,,,,False,False,True,Growthfactor | Cytokine,False,False,626
627,NPBW1_HUMAN,,,,True,False,False,,True,False,627
628,NPBW2_HUMAN,,,,True,False,False,,True,False,628
629,LEPR_HUMAN,To_comment,Receptor_add,,True,False,True,,True,False,629
630,GIPR_HUMAN,,,,True,False,False,,True,False,630
631,INAR2_HUMAN,,,,True,False,True,,True,False,631
632,NMU_HUMAN,,,,False,False,True,,False,False,632
633,CD97_HUMAN,,,,True,False,True,,True,False,633
634,PTH2R_HUMAN,,,,True,False,False,,True,False,634
635,CX3C1_HUMAN,,,,True,False,False,,True,False,635
636,MTR1B_HUMAN,,,,True,False,False,,True,False,636
637,CXCR3_HUMAN,,,,True,False,False,,True,False,637
638,PRLHR_HUMAN,,,,True,False,False,,True,False,638
639,GPR15_HUMAN,,,,True,False,False,,True,False,639
640,PLGF_HUMAN,,,,False,False,True,Growthfactor,False,False,640
641,VEGFB_HUMAN,,,,False,False,True,Growthfactor,False,False,641
642,VEGFC_HUMAN,,,,False,False,True,Growthfactor,False,False,642
643,FLT3L_HUMAN,,,,True,False,True,Cytokine,False,False,643
644,ENTP1_HUMAN,To_add | To_comment,transmembrane_add | extracellular_add,,True,False,False,,False,False,644
645,AGTR2_HUMAN,,,,True,False,False,,True,False,645
646,5HT6R_HUMAN,,,,True,False,False,,True,False,646
647,TNF10_HUMAN,To_add,,ligandIUPHAR,True,False,True,cytokine,False,False,647
648,INSL3_HUMAN,,,,False,False,True,Hormone,False,False,648
649,GPC3_HUMAN,,,,True,False,True,,False,False,649
650,CCL11_HUMAN,,,,False,False,True,Cytokine,False,False,650
651,CCR3_HUMAN,,,,True,False,False,,True,False,651
652,CCR4_HUMAN,,,,True,False,False,,True,False,652
653,CCR5_HUMAN,,,,True,False,False,,True,False,653
654,CCR6_HUMAN,,,,True,False,False,,True,False,654
655,CCR8_HUMAN,,,,True,False,False,,True,False,655
656,CCR9_HUMAN,,,,True,False,False,,True,False,656
657,PLXA3_HUMAN,,,,True,False,False,,True,False,657
658,GP143_HUMAN,,,,True,False,False,,True,False,658
659,EFNA3_HUMAN,To_comment,extracellular_add,,True,False,False,,False,False,659
660,EFNA4_HUMAN,,,,True,False,True,,False,False,660
661,EFNB2_HUMAN,To_add,,ligandIUPHAR,True,False,False,,True,False,661
662,EFNA5_HUMAN,To_comment,extracellular_add,,True,False,False,,False,False,662
663,CO4A4_HUMAN,,,Collagen,False,False,True,,False,False,663
664,ITA8_HUMAN,,,Integrin,True,False,False,,True,False,664
665,MOT1_HUMAN,,,,True,False,False,,False,False,665
666,EPHB3_HUMAN,To_comment,Adhesion_add,Migration,True,False,False,,True,False,666
667,EPHA5_HUMAN,To_comment,Adhesion_add,,True,False,False,,True,False,667
668,EPHB4_HUMAN,To_comment,Adhesion_add,,True,False,False,,True,False,668
669,EPHB1_HUMAN,,,,True,False,False,,True,False,669
670,EPHA4_HUMAN,,,,True,False,False,,True,False,670
671,GAS1_HUMAN,,,,True,False,False,,False,False,671
672,IOD3_HUMAN,,,,True,False,False,,False,False,672
673,FGF8_HUMAN,,,,False,False,True,Growthfactor,False,False,673
674,UCN1_HUMAN,,,,False,False,True,Hormone,False,False,674
675,INHBC_HUMAN,,,,False,False,True,Growthfactor | Hormone,False,False,675
676,GDF10_HUMAN,,,,False,False,True,Growthfactor | Cytokine,False,False,676
677,CADH6_HUMAN,,,Cadherin,True,False,False,,False,False,677
678,CCL23_HUMAN,,,,False,False,True,Cytokine,False,False,678
679,CCL18_HUMAN,,,,False,False,True,Cytokine,False,False,679
680,FCGRN_HUMAN,,,,True,False,False,,True,False,680
681,GFRA1_HUMAN,,,,True,False,False,,True,False,681
682,ITA1_HUMAN,To_add,,Integrin (uniprot),True,False,False,,True,False,682
683,WNT3_HUMAN,,,,False,False,True,CellSignal_WNT,False,False,683
684,WNT3A_HUMAN,,,,False,False,True,CellSignal_WNT,False,False,684
685,WNT4_HUMAN,,,,False,False,True,CellSignal_WNT,False,False,685
686,WNT7B_HUMAN,,,,False,False,True,CellSignal_WNT,False,False,686
687,NRG3_HUMAN,,,,True,False,True,Growthfactor,False,False,687
688,JAM2_HUMAN,To_comment,Adhesion_add,,True,False,False,,False,False,688
689,INHBE_HUMAN,,,,False,False,True,Growthfactor | Hormone,False,False,689
690,PROK1_HUMAN,,,,False,False,True,Growthfactor,False,False,690
691,LIRA4_HUMAN,To_add,,Iglike,True,False,False,,True,False,691
692,IL2_HUMAN,,,,False,False,True,Growthfactor | Cytokine,False,False,692
693,CXCR4_HUMAN,,,,True,False,False,,True,False,693
694,SMS_HUMAN,,,,False,False,True,Hormone,False,False,694
695,B2MG_HUMAN,To_add,,Iglike,True,False,True,,False,False,695
696,TGFB2_HUMAN,,,,False,False,True,Growthfactor,False,False,696
697,PPIA_HUMAN,,,,False,False,True,,False,False,697
698,SHPS1_HUMAN,To_add | To_comment,Receptor_add | Extracellular_add,Iglike | Receptor_add,True,False,False,,True,False,698
699,X3CL1_HUMAN,,,,True,False,True,Cytokine,False,False,699
700,JAG1_HUMAN,To_add | To_comment,transmembrane_add | extracellular_add,,True,False,False,,False,False,700
701,RELN_HUMAN,,,,False,False,True,,False,False,701
702,I13R1_HUMAN,To_add,,cytokine_receptor,True,False,False,,True,False,702
703,CCL20_HUMAN,,,,False,False,True,Cytokine,False,False,703
704,CCL8_HUMAN,,,,False,False,True,Cytokine,False,False,704
705,CCL7_HUMAN,,,,False,False,True,Cytokine,False,False,705
706,CXCL6_HUMAN,,,,False,False,True,Cytokine,False,False,706
707,NGAL_HUMAN,,,,False,False,True,,False,False,707
708,DLK1_HUMAN,To_add | To_comment,transmembrane_add | extracellular_add,,True,False,False,,False,False,708
709,PRRP_HUMAN,,,,False,False,True,Hormone,False,False,709
710,VLDLR_HUMAN,To_add,,Binds VLDL (uniprot),True,False,False,,True,False,710
711,EFNB1_HUMAN,To_add | To_comment,transmembrane_add | extracellular_add,Uniprot: Binds to the receptor tyrosine kinases EPHB1 and EPHA1.,True,False,False,,False,False,711
712,NDP_HUMAN,,,,False,False,True,,False,False,712
713,IL9R_HUMAN,,,,True,False,True,Cytokine,True,False,713
714,IL5RA_HUMAN,To_add,,cytokine_receptor,True,False,False,,True,False,714
715,ILRL1_HUMAN,,,,True,False,True,Cytokine,True,False,715
716,ACTHR_HUMAN,,,,True,False,False,,True,False,716
717,MSHR_HUMAN,,,,True,False,False,,True,False,717
718,CO4A3_HUMAN,,,Collagen,False,False,True,,False,False,718
719,ROR1_HUMAN,To_add,,Iglike,True,False,False,,True,False,719
720,ROR2_HUMAN,,,,True,False,False,,True,False,720
721,TNR17_HUMAN,,,,True,False,False,,True,False,721
722,NRG1_HUMAN,,,,True,False,True,Growthfactor,True,False,722
723,CO7A1_HUMAN,,,Collagen,False,False,True,,False,False,723
724,DSG1_HUMAN,,,desmosome junctions,True,False,False,,False,False,724
725,DSC2_HUMAN,,,desmosome junctions,True,False,False,,False,False,725
726,GHRHR_HUMAN,,,,True,False,False,,True,False,726
727,TIE2_HUMAN,,,,True,False,True,,True,False,727
728,TGBR3_HUMAN,,,Migration,True,False,True,,True,False,728
729,UPAR_HUMAN,,,,True,False,True,,True,False,729
730,PTH1R_HUMAN,,,,True,False,False,,True,False,730
731,COAA1_HUMAN,,,Collagen,False,False,True,,False,False,731
732,NOTC2_HUMAN,,,,True,False,False,,True,False,732
733,ACVR1_HUMAN,To_add,,Receptor for activin. (uniprot),True,False,False,,True,False,733
734,RON_HUMAN,To_add,,Receptor tyrosine kinase that transduces signals from the extracellular matrix into the cytoplasm by binding to MST1 ligand. (uniprot),True,False,False,,True,False,734
735,COEA1_HUMAN,,,Collagen,False,False,True,,False,False,735
736,ACHB3_HUMAN,,,,True,False,False,,True,False,736
737,TYRO3_HUMAN,,,,True,False,False,,True,False,737
738,TNFC_HUMAN,To_add,,ligandIUPHAR,False,True,False,,False,False,738
739,TNR9_HUMAN,To_add,,TNF_receptor_add (uniprot),True,False,False,,True,False,739
740,COGA1_HUMAN,,,Collagen,False,False,True,,False,False,740
741,CXCL9_HUMAN,,,,False,False,True,Cytokine,False,False,741
742,NKG2E_HUMAN,To_add,,KLR_add (uniprot),True,False,False,,True,False,742
743,I10R2_HUMAN,To_add,,cytokine_receptor,True,False,False,,True,False,743
744,DSC1_HUMAN,,,desmosome junctions,True,False,False,,False,False,744
745,CD47_HUMAN,To_comment,Receptor_add | Extracellular_add,,True,False,False,,True,False,745
746,FGL1_HUMAN,,,,False,False,True,,False,False,746
747,APOBR_HUMAN,,,,True,False,False,,True,False,747
748,BST2_HUMAN,,,,True,False,False,,False,False,748
749,CNTN1_HUMAN,,,,True,False,False,,False,False,749
750,MERTK_HUMAN,To_add,,Iglike,True,False,False,,True,False,750
751,KLRB1_HUMAN,To_add | To_comment,Extracellular_add,KLR_add (uniprot),True,False,False,,True,False,751
752,IL24_HUMAN,,,,False,False,True,Cytokine,False,False,752
753,KLRD1_HUMAN,To_add,,KLR_add (uniprot),True,False,False,,True,False,753
754,PD2R_HUMAN,,,,True,False,False,,True,False,754
755,I15RA_HUMAN,To_add,,Cytokine_receptor (uniprot),True,False,True,Cytokine,True,False,755
756,SEM3F_HUMAN,,,,False,False,True,,False,False,756
757,GPR17_HUMAN,,,,True,False,False,,True,False,757
758,CRFR2_HUMAN,,,,True,False,False,,True,False,758
759,PTPRS_HUMAN,To_add,,Iglike,True,False,False,,True,False,759
760,ITAD_HUMAN,To_add,,Integrin,True,False,False,,True,False,760
761,FZD5_HUMAN,To_comment,Extracellular_add,,True,False,False,,True,False,761
762,MADCA_HUMAN,To_add | To_comment,extracellular_add,ligandIUPHAR,True,False,False,,False,False,762
763,IL18R_HUMAN,To_add,,Iglike,True,False,False,,True,False,763
764,PNOC_HUMAN,,,,False,False,True,,False,False,764
765,SEM5A_HUMAN,To_add | To_comment,,Ligand for receptor PLXNB3. (uniprot),True,False,False,,False,False,765
766,5HT4R_HUMAN,,,,True,False,False,,True,False,766
767,I10R1_HUMAN,To_add,,cytokine_receptor,True,False,False,,True,False,767
768,ITA7_HUMAN,To_add | To_comment,Adhesion_add,Migration | Adhesion_add (uniprot),True,False,False,,True,False,768
769,AVR2B_HUMAN,,,IUPHAR,True,False,False,,True,False,769
770,CD166_HUMAN,To_comment,Extracellular_add,,True,False,True,,False,False,770
771,ITA9_HUMAN,To_add,,Integrin,True,False,False,,True,False,771
772,BMPR2_HUMAN,,,,True,False,False,,True,False,772
773,CO4A6_HUMAN,,,Collagen,False,False,True,,False,False,773
774,CO9A3_HUMAN,,,Collagen,False,False,True,,False,False,774
775,CO9A2_HUMAN,,,Collagen,False,False,True,,False,False,775
776,LRP8_HUMAN,,,,True,False,True,,True,False,776
777,IL18_HUMAN,,,,False,False,True,Cytokine,False,False,777
778,DSG2_HUMAN,,,desmosome junctions,True,False,False,,False,False,778
779,IL27B_HUMAN,,,,False,False,True,Cytokine,False,False,779
780,SELPL_HUMAN,To_add,,calcium-dependent interactions with E-,True,False,False,,True,False,780
781,FZD2_HUMAN,To_comment,Extracellular_add,,True,False,False,,True,False,781
782,GAS6_HUMAN,,,,False,False,True,,False,False,782
783,SEM3A_HUMAN,,,,False,False,True,,False,False,783
784,DSC3_HUMAN,,,desmosome junctions,True,False,False,,False,False,784
785,IHH_HUMAN,,,,True,False,True,,False,False,785
786,I11RA_HUMAN,To_add,,cytokine_receptor,True,False,False,,True,False,786
787,I13R2_HUMAN,To_add,,cytokine_receptor,True,False,False,,True,False,787
788,ICAM4_HUMAN,,,,True,False,True,,False,False,788
789,KI3S1_HUMAN,,,,True,False,False,,True,False,789
790,COJA1_HUMAN,,,Collagen,False,False,True,,False,False,790
791,PDCD1_HUMAN,To_add | To_comment,Iglike | Receptor | Extracellular_add,Uniprot description,True,False,False,,True,False,791
792,PVRL1_HUMAN,,,,True,False,True,,True,False,792
793,ERBB4_HUMAN,,,Migration,True,False,False,,True,False,793
794,EPHA7_HUMAN,To_comment,Adhesion_add,,True,False,False,,True,False,794
795,ANGP1_HUMAN,,,,False,False,True,,False,False,795
796,SHH_HUMAN,,,,True,False,True,,False,False,796
797,LT4R1_HUMAN,,,,True,False,False,,True,False,797
798,AAAT_HUMAN,,,,True,False,False,,True,False,798
799,CD226_HUMAN,To_comment,Extracellular_add,,True,False,False,,True,False,799
800,EFNB3_HUMAN,To_add,,ligandIUPHAR,True,False,False,,True,False,800
801,ACHA2_HUMAN,,,,True,False,False,,True,False,801
802,ACHA6_HUMAN,,,,True,False,False,,True,False,802
803,ADIPO_HUMAN,,,,False,False,True,Hormone,False,False,803
804,NTRK3_HUMAN,To_add,,Iglike,True,False,False,,True,False,804
805,IL17_HUMAN,,,,False,False,True,Cytokine,False,False,805
806,ACKR1_HUMAN,To_add,,Atypical chemokine receptor (uniprot),True,False,False,,True,False,806
807,C3AR_HUMAN,,,,True,False,False,,True,False,807
808,CALRL_HUMAN,,,,True,False,False,,True,False,808
809,NTRK2_HUMAN,,,,True,False,False,,True,False,809
810,CCL14_HUMAN,,,,False,False,True,Cytokine,False,False,810
811,CCL15_HUMAN,,,,False,False,True,Cytokine,False,False,811
812,AMHR2_HUMAN,To_add,,receptor complex (uniprot),True,False,False,,True,False,812
813,LAMA3_HUMAN,,,laminin,False,False,True,,False,False,813
814,COOA1_HUMAN,,,Collagen,False,False,True,,False,False,814
815,MICB_HUMAN,To_comment,Extracellular_add,,True,False,False,,False,False,815
816,MICA_HUMAN,,,,True,False,False,,False,False,816
817,RSPO4_HUMAN,,,,False,False,True,,False,False,817
818,RSPO1_HUMAN,,,,False,False,True,,False,False,818
819,COSA1_HUMAN,,,Collagen,False,False,True,,False,False,819
820,HFE_HUMAN,,,HLA,True,False,False,,False,False,820
821,TIGIT_HUMAN,To_comment,Extracellular_add,,True,False,False,,False,False,821
822,CDON_HUMAN,,,,True,False,False,,False,False,822
823,TRML2_HUMAN,,,,True,False,False,,True,False,823
824,SFRP5_HUMAN,,,,False,False,True,,False,False,824
825,ARTN_HUMAN,,,,False,False,True,Growthfactor,False,False,825
826,CODA1_HUMAN,,,Collagen,True,False,False,,False,False,826
827,IL23R_HUMAN,,,,True,False,False,,True,False,827
828,RET1L_HUMAN,,,,True,False,False,,False,False,828
829,CD276_HUMAN,To_add | To_comment,,Iglike | Possible_receptor,True,False,False,,False,False,829
830,NR3L1_HUMAN,To_comment,Extracellular_add,,True,False,False,,False,False,830
831,SFRP4_HUMAN,,,,False,False,True,,False,False,831
832,LAIR1_HUMAN,,,,True,False,False,,True,False,832
833,RET1G_HUMAN,,,,True,False,True,,False,False,833
834,SIGIR_HUMAN,To_add,,Iglike,True,False,False,,False,False,834
835,GDF6_HUMAN,,,,False,False,True,Growthfactor | Cytokine,False,False,835
836,CSPG4_HUMAN,,,Migration,True,False,False,,False,False,836
837,CLC2A_HUMAN,To_comment,Extracellular_add,,True,False,False,,True,False,837
838,IGFL1_HUMAN,,,,False,False,True,Growthfactor,False,False,838
839,EPGN_HUMAN,,,,False,False,True,Growthfactor,False,False,839
840,I27RA_HUMAN,To_add,,cytokine_receptor,True,False,False,,True,False,840
841,IGFL2_HUMAN,,,,False,False,True,Growthfactor,False,False,841
842,IGFL3_HUMAN,,,,False,False,True,Growthfactor,False,False,842
843,I20RB_HUMAN,To_add,,cytokine_receptor,True,False,False,,True,False,843
844,RSPO2_HUMAN,,,,False,False,True,,False,False,844
845,UNC5D_HUMAN,,,,True,False,False,,True,False,845
846,NPSR1_HUMAN,,,,True,False,False,,True,False,846
847,SOSD1_HUMAN,,,,False,False,True,,False,False,847
848,NSMF_HUMAN,,,,False,True,False,,False,False,848
849,SIG15_HUMAN,To_add | To_comment,Adhesion_add,Iglike,True,False,False,,False,False,849
850,SCAR5_HUMAN,,,,True,False,False,,True,False,850
851,IL34_HUMAN,,,,False,False,True,Growthfactor | Cytokine,False,False,851
852,UNC5A_HUMAN,,,,True,False,False,,True,False,852
853,5HT3D_HUMAN,,,,True,False,False,,True,False,853
854,UTS2B_HUMAN,,,,False,False,True,Hormone,False,False,854
855,CTSR4_HUMAN,,,,True,False,False,,False,False,855
856,ADM2_HUMAN,,,,False,False,True,Hormone,False,False,856
857,GDF7_HUMAN,,,,False,False,True,Growthfactor | Cytokine,False,False,857
858,BMP8A_HUMAN,,,,False,False,True,Growthfactor | Cytokine,False,False,858
859,BTLA_HUMAN,To_add,extracellular_add,ligandIUPHAR,True,False,False,,True,False,859
860,ADR2_HUMAN,,,,True,False,False,,True,False,860
861,IFNE_HUMAN,,,,False,False,True,Cytokine,False,False,861
862,CTSRD_HUMAN,,,,True,False,False,,False,False,862
863,CTSR3_HUMAN,,,,True,False,False,,False,False,863
864,TM219_HUMAN,,,,True,False,False,,True,False,864
865,GPHB5_HUMAN,,,,False,False,True,Hormone,False,False,865
866,KLOTB_HUMAN,,,,True,False,False,,False,False,866
867,IFNL1_HUMAN,,,,False,False,True,Cytokine,False,False,867
868,INLR1_HUMAN,To_add,,cytokine_receptor,True,False,False,,True,False,868
869,HUNIN_HUMAN,To_remove,,no ensembl,False,False,True,,False,False,869
870,CORA1_HUMAN,,,Collagen,False,False,True,,False,False,870
871,IFNL3_HUMAN,,,,False,False,True,Cytokine,False,False,871
872,IFNL2_HUMAN,,,,False,False,True,Cytokine,False,False,872
873,UNC5B_HUMAN,,,,True,False,False,,True,False,873
874,CADM3_HUMAN,,,,True,False,False,,False,False,874
875,LIRB2_HUMAN,To_add,,Iglike,True,False,False,,True,False,875
876,SFRP1_HUMAN,,,,False,False,True,,False,False,876
877,I22R1_HUMAN,To_add,,cytokine_receptor,True,False,False,,True,False,877
878,CD177_HUMAN,To_comment,Adhesion_add,,True,False,False,,False,False,878
879,NPW_HUMAN,,,,False,False,True,,False,False,879
880,I17RC_HUMAN,,,,True,False,False,,True,False,880
881,DGLB_HUMAN,,,,True,False,False,,False,False,881
882,CTSR1_HUMAN,,,,True,False,False,,False,False,882
883,ACV1C_HUMAN,To_add,,Receptor for activin AB,True,False,False,,True,False,883
884,IL27A_HUMAN,,,,False,False,True,Cytokine,False,False,884
885,PKR2_HUMAN,,,,True,False,False,,True,False,885
886,I17RE_HUMAN,,,,True,False,True,Cytokine,True,False,886
887,COMA1_HUMAN,,,Collagen,False,False,True,,False,False,887
888,SEM6D_HUMAN,,,Possible_receptor,True,False,False,,False,False,888
889,CADM4_HUMAN,To_add,,Iglike,True,False,False,,False,False,889
890,NPB_HUMAN,,,,False,False,True,,False,False,890
891,LIRB4_HUMAN,,,,True,False,False,,True,False,891
892,LIRB1_HUMAN,,,,True,False,True,,True,False,892
893,PKR1_HUMAN,,,,True,False,False,,True,False,893
894,N2DL4_HUMAN,To_add,,Binds and activates the KLRK1/NKG2D receptor (uniprot),True,False,True,,False,False,894
895,MO2R1_HUMAN,,,,True,False,True,,True,False,895
896,HAVR2_HUMAN,To_add | To_comment,Receptor_add | Extracellular_add,Iglike. Cell surface receptor implicated in modulating innate and adaptive immune responses (uniprot),True,False,False,,True,False,896
897,OXER1_HUMAN,,,,True,False,False,,True,False,897
898,RL3R2_HUMAN,,,,True,False,False,,True,False,898
899,GP151_HUMAN,,,,True,False,False,,True,False,899
900,S22AH_HUMAN,,,,True,False,False,,True,False,900
901,NRG4_HUMAN,,,,True,False,True,Growthfactor,False,False,901
902,IL1FA_HUMAN,,,,False,False,True,Cytokine,False,False,902
903,5HT3C_HUMAN,,,,True,False,False,,True,False,903
904,RXFP2_HUMAN,,,,True,False,False,,True,False,904
905,REL3_HUMAN,,,,False,False,True,Hormone,False,False,905
906,CLC2B_HUMAN,To_add | To_comment,Extracellular_add,member of the C-type lectin/C-type lectin-like domain (CTL/CTLD) superfamily. NK cell signalling. Reviewed in PMID:24987108,True,False,False,,True,False,906
907,CCL17_HUMAN,,,,False,False,True,Cytokine,False,False,907
908,SORL_HUMAN,To_add,,Likely to be a multifunctional endocytic receptor (uniprot),True,False,True,,True,False,908
909,PVRL2_HUMAN,To_comment,Extracellular_add,,True,False,False,,True,False,909
910,SFRP3_HUMAN,,,,False,False,True,,False,False,910
911,SEM4D_HUMAN,,,,True,False,False,,True,False,911
912,GSLG1_HUMAN,To_add | To_comment,transmembrane_add | extracellular_add,Uniprot: Binds E-selectin,True,False,False,,False,False,912
913,TNR14_HUMAN,To_add,,TNF_receptor_add (uniprot),True,False,False,,True,False,913
914,TNR25_HUMAN,,,,True,False,True,,True,False,914
915,WNT2B_HUMAN,,,,False,False,True,CellSignal_WNT,False,False,915
916,WNT8B_HUMAN,,,,False,False,True,,False,False,916
917,TSLP_HUMAN,,,,False,False,True,Cytokine,False,False,917
918,UCN3_HUMAN,,,,False,False,True,Hormone,False,False,918
919,MCHR2_HUMAN,,,,True,False,False,,True,False,919
920,ADR1_HUMAN,,,,True,False,False,,True,False,920
921,COQA1_HUMAN,,,Collagen,False,False,True,,False,False,921
922,TIP39_HUMAN,,,,False,False,True,,False,False,922
923,ESAM_HUMAN,,,,True,False,False,,False,False,923
924,KLRG1_HUMAN,,,,True,False,False,,True,False,924
925,I17RA_HUMAN,,,,True,False,True,Cytokine,True,False,925
926,SFRP2_HUMAN,,,,False,False,True,,False,False,926
927,SIG10_HUMAN,,,Sialic acid-binding Ig-like,True,False,True,,False,False,927
928,ROBO3_HUMAN,To_add,,Iglike,True,False,False,,True,False,928
929,PVRL4_HUMAN,,,,True,False,True,,True,False,929
930,COLA1_HUMAN,,,Collagen,False,False,True,,False,False,930
931,CTSR2_HUMAN,,,,True,False,False,,False,False,931
932,GNRR2_HUMAN,To_remove,,no ensembl,True,False,False,,True,False,932
933,IL17F_HUMAN,,,,False,False,True,Cytokine,False,False,933
934,HHIP_HUMAN,,,,False,True,True,,False,False,934
935,TR13C_HUMAN,To_add,,TNF_receptor_add (uniprot),True,False,False,,True,False,935
936,UCN2_HUMAN,,,,False,False,True,Hormone,False,False,936
937,NODAL_HUMAN,,,,False,False,True,Growthfactor | Cytokine,False,False,937
938,GPHA2_HUMAN,,,,False,False,True,Hormone,False,False,938
939,CSF3R_HUMAN,,,,True,False,True,,True,False,939
940,HBEGF_HUMAN,,,,True,False,True,Growthfactor,True,False,940
941,NELL2_HUMAN,,,,False,False,True,,False,False,941
942,NOTC4_HUMAN,,,,True,False,False,,True,False,942
943,SORT_HUMAN,,,,True,False,False,,True,False,943
944,GPER1_HUMAN,,,,True,False,False,,True,False,944
945,CCL13_HUMAN,,,,False,False,True,Cytokine,False,False,945
946,OSMR_HUMAN,To_add,,cytokine_receptor,True,False,False,,True,False,946
947,I12R2_HUMAN,To_add,,cytokine_receptor,True,False,False,,True,False,947
948,MCHR1_HUMAN,,,,True,False,False,,True,False,948
949,COCA1_HUMAN,,,Collagen,False,False,True,,False,False,949
950,CCL19_HUMAN,,,,False,False,True,Cytokine,False,False,950
951,NRTN_HUMAN,,,,False,False,True,Growthfactor,False,False,951
952,CML1_HUMAN,,,,True,False,False,,True,False,952
953,RARR2_HUMAN,,,,False,False,True,,False,False,953
954,OMD_HUMAN,,,,False,False,True,,False,False,954
955,SEM3C_HUMAN,,,,False,False,True,,False,False,955
956,PD1L2_HUMAN,To_comment,Extracellular_add,,True,False,True,,True,False,956
957,SPXN_HUMAN,,,,False,False,True,Hormone,False,False,957
958,BOC_HUMAN,,,,True,False,False,,False,False,958
959,JAM3_HUMAN,,,,True,False,True,,False,False,959
960,STRA6_HUMAN,,,,True,False,False,,True,False,960
961,LGR4_HUMAN,,,,True,False,False,,True,False,961
962,AMNLS_HUMAN,,,,False,True,False,,False,False,962
963,RSPO3_HUMAN,,,,False,False,True,,False,False,963
964,CADM1_HUMAN,To_comment,Extracellular_add,,True,False,False,,False,False,964
965,N2DL3_HUMAN,To_comment,Extracellular_add,,True,False,False,,False,False,965
966,N2DL2_HUMAN,,,,True,False,True,,False,False,966
967,N2DL1_HUMAN,To_comment,Receptor_add | Extracellular_add,,True,False,False,,True,False,967
968,CD244_HUMAN,To_comment,Extracellular_add,,True,False,False,,True,False,968
969,SN_HUMAN,,,Sialic acid-binding Ig-like,True,False,True,,False,False,969
970,SEM4C_HUMAN,To_comment,Receptor_add,,True,False,False,,True,False,970
971,PDGFD_HUMAN,,,,False,False,True,Growthfactor,False,False,971
972,NMUR2_HUMAN,,,,True,False,False,,True,False,972
973,WN10A_HUMAN,,,,False,False,True,,False,False,973
974,FGF23_HUMAN,,,,False,False,True,Growthfactor,False,False,974
975,IL22_HUMAN,,,,False,False,True,Cytokine,False,False,975
976,GFRA4_HUMAN,,,,True,False,True,,True,False,976
977,WNT8A_HUMAN,,,,False,False,True,CellSignal_WNT,False,False,977
978,WNT5B_HUMAN,,,,False,False,True,CellSignal_WNT,False,False,978
979,IL25_HUMAN,,,,False,False,True,Cytokine,False,False,979
980,CXL16_HUMAN,,,,True,False,True,Cytokine,True,False,980
981,SEM6A_HUMAN,,,Possible_receptor,True,False,False,,False,False,981
982,CLC4M_HUMAN,,,,True,False,True,,True,False,982
983,HRH4_HUMAN,,,,True,False,False,,True,False,983
984,SEM4A_HUMAN,,,,True,False,False,,False,False,984
985,FZD8_HUMAN,To_comment,Extracellular_add,,True,False,False,,True,False,985
986,E41L1_HUMAN,To_add,,,False,False,False,,False,False,986
987,IGFR1_HUMAN,,,,True,False,False,,True,False,987
988,ILRL2_HUMAN,To_add,,Iglike,True,False,False,,True,False,988
989,NET4_HUMAN,,,,False,False,True,,False,False,989
990,NMUR1_HUMAN,,,,True,False,False,,True,False,990
991,IL21_HUMAN,,,,False,False,True,Cytokine,False,False,991
992,IL21R_HUMAN,To_add,,cytokine_receptor,True,False,False,,True,False,992
993,LGR6_HUMAN,,,,True,False,False,,True,False,993
994,RXFP1_HUMAN,,,,True,False,False,,True,False,994
995,PROK2_HUMAN,,,,False,False,True,,False,False,995
996,CRLF2_HUMAN,,,,True,False,True,,True,False,996
997,ROBO2_HUMAN,To_add | To_comment,Receptor_add,Iglike | Receptor_add,True,False,False,,True,False,997
998,PLXA4_HUMAN,,,,True,False,False,,True,False,998
999,FGF22_HUMAN,,,,False,False,True,Growthfactor,False,False,999
1000,CD209_HUMAN,,,,True,False,True,,True,False,1000
1001,TNR12_HUMAN,To_add,,TNF_receptor_add (uniprot),True,False,False,,True,False,1001
1002,FGF20_HUMAN,,,,False,False,True,Growthfactor,False,False,1002
1003,ACKR4_HUMAN,,,,True,False,False,,True,False,1003
1004,LT4R2_HUMAN,,,,True,False,False,,True,False,1004
1005,IL23A_HUMAN,,,,False,False,True,Cytokine,False,False,1005
1006,FZD3_HUMAN,To_comment,Extracellular_add,,True,False,False,,True,False,1006
1007,IL1AP_HUMAN,,,,True,False,True,Cytokine,True,False,1007
1008,IL26_HUMAN,,,,False,False,True,Cytokine,False,False,1008
1009,PVRL3_HUMAN,To_comment,Extracellular_add,,True,False,False,,False,False,1009
1010,GDF3_HUMAN,,,,False,False,True,Growthfactor | Cytokine,False,False,1010
1011,DLL4_HUMAN,To_comment,extracellular_add,ligandIUPHAR,True,False,False,,False,False,1011
1012,TLR8_HUMAN,To_add,,TLR (uniprot),True,False,False,,True,False,1012
1013,PDGFC_HUMAN,,,,True,False,True,Growthfactor,False,False,1013
1014,CCL28_HUMAN,,,,False,False,True,Cytokine,False,False,1014
1015,I17RB_HUMAN,,,,True,False,True,Cytokine,True,False,1015
1016,HEBP1_HUMAN,To_add | To_comment,transmembrane_add | extracellular_add,"Genecards: This protein includes a natural chemoattractant peptide of 21 amino acids at the N-terminus, which is a natural ligand for formyl peptide receptor-like receptor 2 (FPRL2) ",True,False,False,,False,False,1016
1017,CLTR2_HUMAN,,,,True,False,False,,True,False,1017
1018,FGF21_HUMAN,,,,False,False,True,Growthfactor,False,False,1018
1019,RL3R1_HUMAN,,,,True,False,False,,True,False,1019
1020,SEM4G_HUMAN,,,Possible_receptor,True,False,False,,False,False,1020
1021,DLL3_HUMAN,To_add | To_comment,transmembrane_add | extracellular_add,,True,False,False,,False,False,1021
1022,IL20_HUMAN,,,,False,False,True,Cytokine,False,False,1022
1023,PDXL2_HUMAN,To_add,,Acts as a ligand for vascular selectins. (uniprot),True,False,False,,False,False,1023
1024,TREM2_HUMAN,,,,True,False,True,,True,False,1024
1025,IL37_HUMAN,,,,False,False,True,Cytokine,False,False,1025
1026,IL36B_HUMAN,,,,False,False,True,Cytokine,False,False,1026
1027,IL36G_HUMAN,,,,False,False,True,Cytokine,False,False,1027
1028,PD1L1_HUMAN,To_comment,extracellular_add,ligandIUPHAR,True,False,False,,True,False,1028
1029,KLRF1_HUMAN,To_add | To_comment,Extracellular_add,KLR_add (uniprot),True,False,False,,True,False,1029
1030,IL17C_HUMAN,,,,False,False,True,Cytokine,False,False,1030
1031,IFNK_HUMAN,,,,False,False,True,Cytokine,False,False,1031
1032,SIRPG_HUMAN,To_add,,Iglike,True,False,False,,False,False,1032
1033,COKA1_HUMAN,,,Collagen,False,False,True,,False,False,1033
1034,C5AR2_HUMAN,,,,True,False,False,,True,False,1034
1035,GALP_HUMAN,,,,False,False,True,Hormone,False,False,1035
1036,XCL2_HUMAN,,,,False,False,True,Cytokine,False,False,1036
1037,CLCF1_HUMAN,,,,False,False,True,Cytokine,False,False,1037
1038,I36RA_HUMAN,,,,False,False,True,Cytokine,False,False,1038
1039,HCST_HUMAN,To_add,,Transmembrane adapter protein (uniprot),True,False,False,,False,False,1039
1040,TR10D_HUMAN,To_add,,TNF_receptor_add (uniprot),True,False,False,,True,False,1040
1041,DKK2_HUMAN,,,,False,False,True,,False,False,1041
1042,GHRL_HUMAN,,,,False,False,True,Hormone,False,False,1042
1043,WNT16_HUMAN,,,,False,False,True,CellSignal_WNT,False,False,1043
1044,KLOT_HUMAN,,,,True,False,True,Hormone,False,False,1044
1045,SUSD2_HUMAN,,,,True,False,False,,True,False,1045
1046,IL36A_HUMAN,,,,False,False,True,Cytokine,False,False,1046
1047,IL19_HUMAN,,,,False,False,True,Cytokine,False,False,1047
1048,TKNK_HUMAN,,,,False,False,True,,False,False,1048
1049,I20RA_HUMAN,To_add,,cytokine_receptor,True,False,False,,True,False,1049
1050,CLC2D_HUMAN,To_comment,Extracellular_add,,True,False,False,,True,False,1050
1051,PLXA1_HUMAN,,,,True,False,False,,False,False,1051
1052,GDF2_HUMAN,,,,False,False,True,Growthfactor | Cytokine,False,False,1052
1053,PILRA_HUMAN,,,,True,False,True,,True,False,1053
1054,UR2R_HUMAN,,,,True,False,False,,True,False,1054
1055,ITA11_HUMAN,To_add,,Integrin (uniprot),True,False,False,,True,False,1055
1056,CADH7_HUMAN,,,Cadherin,True,False,False,,False,False,1056
1057,PLXB3_HUMAN,,,,True,False,False,,True,False,1057
1058,FZD4_HUMAN,To_comment,Extracellular_add,,True,False,False,,True,False,1058
1059,FZD10_HUMAN,To_comment,Extracellular_add,,True,False,False,,True,False,1059
1060,APEL_HUMAN,,,,False,False,True,Hormone,False,False,1060
1061,NOTC3_HUMAN,,,,True,False,False,,True,False,1061
1062,ALK_HUMAN,,,,True,False,False,,True,False,1062
1063,COHA1_HUMAN,,,Collagen,False,False,True,,False,False,1063
1064,TNF18_HUMAN,To_add,,cytokine,True,False,True,cytokine,False,False,1064
1065,FZD1_HUMAN,To_comment,Extracellular_add,,True,False,False,,True,False,1065
1066,TFR2_HUMAN,,,,True,False,False,,True,False,1066
1067,JAG2_HUMAN,To_add | To_comment,transmembrane_add | extracellular_add,Uniprot:Putative Notch ligand involved in the mediation of Notch signaling.,True,False,False,,False,False,1067
1068,CCL26_HUMAN,,,,False,False,True,Cytokine,False,False,1068
1069,ANGP4_HUMAN,,,,False,False,True,,False,False,1069
1070,CLTR1_HUMAN,,,,True,False,False,,True,False,1070
1071,TN13B_HUMAN,,,,True,False,True,Cytokine,False,False,1071
1072,GPR55_HUMAN,,,,True,False,False,,True,False,1072
1073,DGLA_HUMAN,,,,True,False,False,,False,False,1073
1074,PLXD1_HUMAN,,,,True,False,False,,True,False,1074
1075,CCL27_HUMAN,,,,False,False,True,Cytokine,False,False,1075
1076,HRH3_HUMAN,,,,True,False,False,,True,False,1076
1077,INSL5_HUMAN,,,,False,False,True,Hormone,False,False,1077
1078,TNR18_HUMAN,,,,True,False,True,,True,False,1078
1079,WIF1_HUMAN,,,,False,False,True,,False,False,1079
1080,PD2R2_HUMAN,,,,True,False,False,,True,False,1080
1081,JAM1_HUMAN,To_comment,Extracellular_add,,True,False,False,,True,False,1081
1082,WNT6_HUMAN,,,,False,False,True,CellSignal_WNT,False,False,1082
1083,ROBO1_HUMAN,,,,True,False,False,,True,False,1083
1084,TNR11_HUMAN,,,,True,False,False,,True,False,1084
1085,ICOS_HUMAN,To_comment,Receptor_add,,True,False,True,,True,False,1085
1086,CP27B_HUMAN,To_add,,,False,False,False,,False,False,1086
1087,PGES2_HUMAN,To_add,,,False,False,False,,False,False,1087
1088,DHC24_HUMAN,To_add,,,False,False,False,,False,False,1088
1089,CBR1_HUMAN,To_add,,,False,False,False,,False,False,1089
1090,RARB_HUMAN,To_add,,,False,False,False,,False,False,1090
1091,RARA_HUMAN,To_add,,,False,False,False,,False,False,1091
1092,NMDE4_HUMAN,To_add,,,True,False,False,,True,False,1092
1093,DPEP3_HUMAN,To_add,,,False,False,False,,False,False,1093
1094,PTC2_HUMAN,To_add,,,False,False,False,,False,False,1094
1095,KISS1_HUMAN,To_add,,,False,False,True,,False,False,1095
1096,PXL2B_HUMAN,To_add,,,False,False,False,,False,False,1096
1097,RABP2_HUMAN,To_add,,,False,False,False,,False,False,1097
1098,3BHS1_HUMAN,To_add,,,False,False,False,,False,False,1098
1099,GGT5_HUMAN,To_add,,,False,False,False,,False,False,1099
1100,H17B6_HUMAN,To_add,,,False,False,False,,False,False,1100
1101,ADX_HUMAN,To_add,,,False,False,False,,False,False,1101
1102,NTR1_HUMAN,To_add,,,True,False,False,,True,False,1102
1103,NPFF1_HUMAN,To_add,,,True,False,False,,True,False,1103
1104,LTC4S_HUMAN,To_add,,,False,False,False,,False,False,1104
1105,S5A1_HUMAN,To_add,,,False,False,False,,False,False,1105
1106,NPY5R_HUMAN,To_add,,,True,False,False,,True,False,1106
1107,NPY1R_HUMAN,To_add,,,True,False,False,,True,False,1107
1108,DAG1_HUMAN,To_add,,,True,False,True,,True,False,1108
1109,CELR3_HUMAN,To_add,,,True,False,False,,True,False,1109
1110,CLAT_HUMAN,To_add,,,False,False,False,,False,False,1110
1111,AK1C3_HUMAN,To_add,,,False,False,False,,False,False,1111
1112,CTSRB_HUMAN,To_add,,,False,False,False,,False,False,1112
1113,PTGR1_HUMAN,To_add,,,False,False,False,,False,False,1113
1114,GLRA2_HUMAN,To_add,,,True,False,False,,True,False,1114
1115,LOX12_HUMAN,To_add,,,False,False,False,,False,False,1115
1116,C11B2_HUMAN,To_add,,,False,False,False,,False,False,1116
1117,IRPL1_HUMAN,To_add,,,True,False,False,,True,False,1117
1118,PTGES_HUMAN,To_add,,,False,False,False,,False,False,1118
1119,CP17A_HUMAN,To_add,,,False,False,False,,False,False,1119
1120,KISSR_HUMAN,To_add,,,True,False,False,,True,False,1120
1121,KREM2_HUMAN,To_add,,,False,False,False,,False,False,1121
1122,AL1A3_HUMAN,To_add,,,False,False,False,,False,False,1122
1123,AK1D1_HUMAN,To_add,,,False,False,False,,False,False,1123
1124,NPY4R_HUMAN,To_add,,,True,False,False,,True,False,1124
1125,NPY2R_HUMAN,To_add,,,True,False,False,,True,False,1125
1126,TEBP_HUMAN,To_add,,,False,False,False,,False,False,1126
1127,EDNRA_HUMAN,To_add,,,True,False,False,,True,False,1127
1128,ADRO_HUMAN,To_add,,,False,False,False,,False,False,1128
1129,PYY_HUMAN,To_add,,,False,False,True,Hormone,False,False,1129
1130,KREM1_HUMAN,To_add,,,False,False,False,,False,False,1130
1131,NMDE1_HUMAN,To_add,,,True,False,False,,True,False,1131
1132,THAS_HUMAN,To_add,,,False,False,False,,False,False,1132
1133,FDX2_HUMAN,To_add,,,False,False,False,,False,False,1133
1134,UBS3B_HUMAN,To_add,,,False,False,False,,False,False,1134
1135,TYRO_HUMAN,To_add,,,False,False,False,,False,False,1135
1136,ASMT_HUMAN,To_add,,,False,False,False,,False,False,1136
1137,EDN2_HUMAN,To_add,,,False,False,True,,False,False,1137
1138,DHB12_HUMAN,To_add,,,False,False,False,,False,False,1138
1139,RXRA_HUMAN,To_add,,,False,False,False,,False,False,1139
1140,RARG_HUMAN,To_add,,,False,False,False,,False,False,1140
1141,QRFPR_HUMAN,To_add,,,True,False,False,,True,False,1141
1142,AL1A1_HUMAN,To_add,,,False,False,False,,False,False,1142
1143,LICH_HUMAN,To_add,,,False,False,False,,False,False,1143
1144,CP11A_HUMAN,To_add,,,False,False,False,,False,False,1144
1145,NMS_HUMAN,To_add,,,False,False,True,,False,False,1145
1146,DCHS_HUMAN,To_add,,,False,False,False,,False,False,1146
1147,OX26_HUMAN,To_add,,,False,False,True,,False,False,1147
1148,PTC1_HUMAN,To_add,,,False,False,False,,False,False,1148
1149,RXRB_HUMAN,To_add,,,False,False,False,,False,False,1149
1150,GHSR_HUMAN,To_add,,,True,False,False,,True,False,1150
1151,S5A2_HUMAN,To_add,,,False,False,False,,False,False,1151
1152,CP3A4_HUMAN,To_add,,,False,False,False,,False,False,1152
1153,NMDE3_HUMAN,To_add,,,True,False,False,,True,False,1153
1154,AL1A2_HUMAN,To_add,,,False,False,False,,False,False,1154
1155,C11B1_HUMAN,To_add,,,False,False,False,,False,False,1155
1156,REL1_HUMAN,To_add,,,False,False,True,Hormone,False,False,1156
1157,CP19A_HUMAN,To_add,,,False,False,False,,False,False,1157
1158,DHB1_HUMAN,To_add,,,False,False,False,,False,False,1158
1159,PAHO_HUMAN,To_add,,,False,False,True,Hormone,False,False,1159
1160,DDC_HUMAN,To_add,,,False,False,False,,False,False,1160
1161,RXRG_HUMAN,To_add,,,False,False,False,,False,False,1161
1162,CP21A_HUMAN,To_add,,,False,False,False,,False,False,1162
1163,ALDR_HUMAN,To_add,,,False,False,False,,False,False,1163
1164,NMDE2_HUMAN,To_add,,,True,False,False,,True,False,1164
1165,DHCR7_HUMAN,To_add,,,False,False,False,,False,False,1165
1166,PERT_HUMAN,To_add,,,False,False,False,,False,False,1166
1167,PORED_HUMAN,To_add,,,False,False,False,,False,False,1167
1168,PACR_HUMAN,To_add,,,True,False,False,,True,False,1168
1169,AGRL1_HUMAN,To_add,,,True,False,False,,True,False,1169
1170,DHB3_HUMAN,To_add,,,False,False,False,,False,False,1170
1171,PTGIS_HUMAN,To_add,,,False,False,False,,False,False,1171
1172,ST2A1_HUMAN,To_add,,,False,False,False,,False,False,1172
1173,DPEP2_HUMAN,To_add,,,False,False,False,,False,False,1173
1174,ST1E1_HUMAN,To_add,,,False,False,False,,False,False,1174
1175,ST1A1_HUMAN,To_add,,,False,False,False,,False,False,1175
1176,DHRS9_HUMAN,To_add,,,False,False,False,,False,False,1176
1177,PNMT_HUMAN,To_add,,,False,False,False,,False,False,1177
1178,LKHA4_HUMAN,To_add,,,False,False,False,,False,False,1178
1179,5NTD_HUMAN,,,,True,False,False,,False,False,1179
1180,ACHB_HUMAN,,,,True,False,False,,True,False,1180
1181,ACHD_HUMAN,,,,True,False,False,,True,False,1181
1182,ACHE_HUMAN,,,,True,False,False,,True,False,1182
1183,ACHG_HUMAN,,,,True,False,False,,True,False,1183
1184,AGRA2_HUMAN,,,,True,False,False,,True,False,1184
1185,AGRB1_HUMAN,,,,True,False,False,,True,False,1185
1186,AGRB2_HUMAN,,,,True,False,False,,True,False,1186
1187,AGRB3_HUMAN,,,,True,False,False,,True,False,1187
1188,AGRE2_HUMAN,,,,True,False,False,,True,False,1188
1189,AGRG1_HUMAN,,,,True,False,False,,True,False,1189
1190,AGRG6_HUMAN,,,,True,False,False,,True,False,1190
1191,AGRL2_HUMAN,,,,True,False,False,,True,False,1191
1192,AGRL3_HUMAN,,,,True,False,False,,True,False,1192
1193,APLP2_HUMAN,,,,True,False,False,,False,False,1193
1194,APRIO_HUMAN,,,,False,False,False,,False,False,1194
1195,C1QL2_HUMAN,,,,False,False,True,,False,False,1195
1196,C1QL3_HUMAN,,,,False,False,True,,False,False,1196
1197,C1QL4_HUMAN,,,,False,False,True,,False,False,1197
1198,C1QR1_HUMAN,,,,True,False,False,,True,False,1198
1199,C1QRF_HUMAN,,,,False,False,True,,False,False,1199
1200,CATG_HUMAN,Protease,,,False,False,True,,False,False,1200
1201,CBLN1_HUMAN,,,,False,False,True,,False,False,1201
1202,CD1B_HUMAN,,,,True,False,False,,False,False,1202
1203,CD248_HUMAN,Glycoprotein,,,True,False,False,,False,False,1203
1204,CD320_HUMAN,,,,True,False,False,,False,False,1204
1205,CGB1_HUMAN,,,,False,False,True,Hormone,False,False,1205
1206,CGB2_HUMAN,,,,False,False,True,Hormone,False,False,1206
1207,CGB3_HUMAN,,,,False,False,True,Hormone,False,False,1207
1208,CGB7_HUMAN,,,,False,False,True,,False,False,1208
1209,CSTN1_HUMAN,,,,True,False,False,,False,False,1209
1210,CSTN2_HUMAN,Cadeherin family,,,True,False,False,,False,False,1210
1211,CSTN3_HUMAN,Cadherin family,,,True,False,False,,False,False,1211
1212,CXA1_HUMAN,,,,True,False,False,,False,False,1212
1213,CXA3_HUMAN,,,,True,False,False,,False,False,1213
1214,CXA5_HUMAN,,,,True,False,False,,False,False,1214
1215,CXG1_HUMAN,,,,True,False,False,,False,False,1215
1216,DCE1_HUMAN,,,,False,False,False,,False,False,1216
1217,DCE2_HUMAN,,,,True,False,False,,False,False,1217
1218,EAA1_HUMAN,Transporter,,,True,False,False,,False,False,1218
1219,EAA2_HUMAN,Transporter,,,True,False,False,,False,False,1219
1220,EAA3_HUMAN,Transporter,,,True,False,False,,False,False,1220
1221,EAA4_HUMAN,Transporter,,,True,False,False,,False,False,1221
1222,EAA5_HUMAN,Transporter,,,True,False,False,,False,False,1222
1223,EDN1_HUMAN,,,,False,False,True,,False,False,1223
1224,EDN3_HUMAN,,,,False,False,True,,False,False,1224
1225,EDNRB_HUMAN,,,,True,False,False,,True,False,1225
1226,FLRT1_HUMAN,,,,True,False,False,,False,False,1226
1227,FLRT2_HUMAN,,,,True,False,False,,False,False,1227
1228,FLRT3_HUMAN,,,,True,False,False,,False,False,1228
1229,GABR1_HUMAN,,,,True,False,False,,True,False,1229
1230,GABR2_HUMAN,,,,True,False,False,,True,False,1230
1231,GBRA1_HUMAN,,,,True,False,False,,True,False,1231
1232,GBRA2_HUMAN,,,,True,False,False,,True,False,1232
1233,GBRA3_HUMAN,,,,True,False,False,,True,False,1233
1234,GBRA4_HUMAN,,,,True,False,False,,True,False,1234
1235,GBRA5_HUMAN,,,,True,False,False,,True,False,1235
1236,GBRA6_HUMAN,,,,True,False,False,,True,False,1236
1237,GBRB2_HUMAN,,,,True,False,False,,True,False,1237
1238,GBRB3_HUMAN,,,,True,False,False,,True,False,1238
1239,GBRD_HUMAN,,,,True,False,False,,True,False,1239
1240,GBRE_HUMAN,,,,True,False,False,,True,False,1240
1241,GBRG2_HUMAN,,,,True,False,False,,True,False,1241
1242,GBRT_HUMAN,,,,True,False,False,,True,False,1242
1243,GLRA1_HUMAN,,,,True,False,False,,True,False,1243
1244,GLRB_HUMAN,,,,True,False,False,,True,False,1244
1245,GLSK_HUMAN,,,,False,False,False,,False,False,1245
1246,GLSL_HUMAN,,,,False,False,False,,False,False,1246
1247,GLYC_HUMAN,,,,False,False,False,,False,False,1247
1248,GLYM_HUMAN,,,,False,False,False,,False,False,1248
1249,GPR39_HUMAN,,,,True,False,False,,True,False,1249
1250,GRIA1_HUMAN,,,,True,False,False,,True,False,1250
1251,GRIA2_HUMAN,,,,True,False,False,,True,False,1251
1252,GRIA3_HUMAN,,,,True,False,False,,True,False,1252
1253,GRIA4_HUMAN,,,,True,False,False,,True,False,1253
1254,GRID2_HUMAN,,,,True,False,False,,True,False,1254
1255,GRIK1_HUMAN,,,,True,False,False,,True,False,1255
1256,GRIK2_HUMAN,,,,True,False,False,,True,False,1256
1257,GRIK3_HUMAN,,,,True,False,False,,True,False,1257
1258,GRIK4_HUMAN,,,,True,False,False,,True,False,1258
1259,GRIK5_HUMAN,,,,True,False,False,,True,False,1259
1260,GRM1_HUMAN,,,,True,False,False,,True,False,1260
1261,GRM2_HUMAN,,,,True,False,False,,True,False,1261
1262,GRM3_HUMAN,,,,True,False,False,,True,False,1262
1263,GRM4_HUMAN,,,,True,False,False,,True,False,1263
1264,GRM5_HUMAN,,,,True,False,False,,True,False,1264
1265,GRM6_HUMAN,,,,True,False,False,,True,False,1265
1266,GRM7_HUMAN,,,,True,False,False,,True,False,1266
1267,GRM8_HUMAN,,,,True,False,False,,True,False,1267
1268,JAML_HUMAN,,,,True,False,False,,True,False,1268
1269,KI2LA_HUMAN,,,,True,False,False,,True,False,1269
1270,LAMA2_HUMAN,,,,False,False,True,,False,False,1270
1271,LPAR1_HUMAN,,,,True,False,False,,True,False,1271
1272,LPAR2_HUMAN,,,,True,False,False,,True,False,1272
1273,LPAR3_HUMAN,,,,True,False,False,,True,False,1273
1274,LRC4B_HUMAN,Cel adhesion molecule,,,True,False,False,,False,False,1274
1275,LRC4C_HUMAN,Cel adhesion molecule,,,True,False,False,,False,False,1275
1276,LRFN4_HUMAN,Cel adhesion molecule,,,True,False,False,,False,False,1276
1277,LRFN5_HUMAN,Cel adhesion molecule,,,True,False,False,,False,False,1277
1278,LRRT1_HUMAN,Leucine rich repeat,,,True,False,False,,False,False,1278
1279,LRRT2_HUMAN,Leucine rich repeat,,,True,False,False,,False,False,1279
1280,LRRT3_HUMAN,Leucine rich repeat,,,True,False,False,,False,False,1280
1281,LRRT4_HUMAN,Leucine rich repeat,,,True,False,False,,False,False,1281
1282,MPZL1_HUMAN,,,,True,False,False,,False,False,1282
1283,MUC18_HUMAN,,,,False,True,False,,False,False,1283
1284,NCHL1_HUMAN,,,,True,False,True,,False,False,1284
1285,NLGN1_HUMAN,,,,True,False,False,,False,False,1285
1286,NLGN2_HUMAN,,,,True,False,False,,False,False,1286
1287,NLGN3_HUMAN,,,,True,False,False,,False,False,1287
1288,NLGNX_HUMAN,Cell adhesion,,,True,False,False,,False,False,1288
1289,NLGNY_HUMAN,,,,True,False,False,,False,False,1289
1290,NMDZ1_HUMAN,,,,True,False,False,,True,False,1290
1291,NPFF_HUMAN,,,,False,False,True,Neuropeptide,False,False,1291
1292,NPFF2_HUMAN,,,,True,False,False,,True,False,1292
1293,NPY_HUMAN,,,,False,False,True,Neuropeptide,False,False,1293
1294,NRCAM_HUMAN,Cell adhesion,,,True,False,True,,False,False,1294
1295,NRX1A_HUMAN,Involved in cell adhesion,,,True,False,False,,False,False,1295
1296,NRX1B_HUMAN,Involved in cell adhesion,,,True,False,False,,False,False,1296
1297,NRX2B_HUMAN,Involved in cell adhesion,,,True,False,False,,False,False,1297
1298,NRX3B_HUMAN,Involved in cell adhesion,,,True,False,False,,False,False,1298
1299,NTCP4_HUMAN,Transporter,,,True,False,False,,False,False,1299
1300,NTR2_HUMAN,,,,True,False,False,,True,False,1300
1301,OLR1_HUMAN,,,,True,False,True,,True,False,1301
1302,PAR1_HUMAN,,,,True,False,False,,True,False,1302
1303,PAR3_HUMAN,,,,True,False,False,,True,False,1303
1304,PAR4_HUMAN,,,,True,False,False,,True,False,1304
1305,PI16_HUMAN,,,,False,False,True,,False,False,1305
1306,PIGR_HUMAN,,,,True,False,True,,True,False,1306
1307,PTGDS_HUMAN,,,,False,False,True,,False,False,1307
1308,PTPRD_HUMAN,,,,True,False,False,,True,False,1308
1309,PTPRF_HUMAN,,,,True,False,False,,True,False,1309
1310,RTN4R_HUMAN,,,,True,False,False,,True,False,1310
1311,S29A1_HUMAN,Transporter,,,True,False,False,,False,False,1311
1312,S29A2_HUMAN,Transporter,,,True,False,False,,False,False,1312
1313,S29A3_HUMAN,Transporter,,,True,False,False,,False,False,1313
1314,S29A4_HUMAN,Transporter,,,True,False,False,,False,False,1314
1315,S6A11_HUMAN,Transporter,,,True,False,False,,False,False,1315
1316,S6A12_HUMAN,Transporter,,,True,False,False,,False,False,1316
1317,S6A13_HUMAN,Transporter,,,True,False,False,,False,False,1317
1318,SC5A7_HUMAN,Transporter,,,True,False,False,,False,False,1318
1319,SC6A1_HUMAN,Transporter,,,True,False,False,,False,False,1319
1320,SC6A2_HUMAN,Transporter,,,True,False,False,,False,False,1320
1321,SC6A3_HUMAN,Transporter,,,True,False,False,,False,False,1321
1322,SC6A4_HUMAN,Transporter,,,True,False,False,,False,False,1322
1323,SC6A5_HUMAN,Transporter,,,True,False,False,,False,False,1323
1324,SC6A6_HUMAN,Transporter,,,True,False,False,,False,False,1324
1325,SC6A8_HUMAN,Transporter,,,True,False,False,,False,False,1325
1326,SC6A9_HUMAN,Transporter,,,True,False,False,,False,False,1326
1327,SDC1_HUMAN,Proteoglycan,,,True,False,True,,False,False,1327
1328,SDC2_HUMAN,Proteoglycan,,,True,False,True,,False,False,1328
1329,SFTPD_HUMAN,,,,False,False,True,,False,False,1329
1330,SLIK1_HUMAN,,,,True,False,False,,False,False,1330
1331,SLIK2_HUMAN,,,,True,False,False,,False,False,1331
1332,SLIK3_HUMAN,,,,True,False,False,,False,False,1332
1333,SLIK4_HUMAN,,,,True,False,False,,False,False,1333
1334,SLIK5_HUMAN,,,,True,False,False,,False,False,1334
1335,SLIK6_HUMAN,,,,True,False,False,,False,False,1335
1336,TAAR1_HUMAN,,,,True,False,False,,True,False,1336
1337,TEN1_HUMAN,Glycoprotein,,,True,False,False,,False,False,1337
1338,TEN2_HUMAN,Glycoprotein,,,True,False,False,,False,False,1338
1339,TEN3_HUMAN,Glycoprotein,,,True,False,False,,False,False,1339
1340,TEN4_HUMAN,Glycoprotein,,,True,False,False,,False,False,1340
1341,TGM2_HUMAN,,,,False,False,True,,False,False,1341
1342,TPH1_HUMAN,,,,False,False,False,,False,False,1342
1343,TPH2_HUMAN,,,,False,False,False,,False,False,1343
1344,TX1B3_HUMAN,,,,True,False,False,,False,False,1344
1345,VACHT_HUMAN,,,,False,False,False,,False,False,1345
1346,VASN_HUMAN,,,,False,False,True,,False,False,1346
1347,VGLU1_HUMAN,Transporter,,,True,False,False,,False,False,1347
1348,VGLU2_HUMAN,Transporter,,,True,False,False,,False,False,1348
1349,VGLU3_HUMAN,Transporter,,,True,False,False,,False,False,1349
1350,VIAAT_HUMAN,,,,False,False,False,,False,False,1350
1351,VISTA_HUMAN,,,,True,False,False,,True,False,1351
1352,VMAT1_HUMAN,,,,False,False,False,,False,False,1352
1353,VMAT2_HUMAN,,,,False,False,False,,False,False,1353
1354,GLHA_HUMAN,,,,False,False,True,Hormone,False,False,1354
