gene_name,uniprot,hgnc_symbol,ensembl
ABCA1,O95477,ABCA1,ENSG00000165029
ACE2,Q9BYF1,ACE2,ENSG00000130234
ACKR1,Q16570,ACKR1,ENSG00000213088
ACKR2,O00590,ACKR2,ENSG00000144648
ACKR3,P25106,ACKR3,ENSG00000144476
ACKR4,Q9NPB9,ACKR4,ENSG00000129048
ACVR1,Q04771,ACVR1,ENSG00000115170
ACVR1B,P36896,ACVR1B,ENSG00000135503
ACVR1C,Q8NER5,ACVR1C,ENSG00000123612
ACVR2A,P27037,ACVR2A,ENSG00000121989
ACVR2B,Q13705,ACVR2B,ENSG00000114739
ACVRL1,P37023,ACVRL1,ENSG00000139567
ADCYAP1,P18509,ADCYAP1,ENSG00000141433
ADCYAP1R1,P41586,ADCYAP1R1,ENSG00000078549
ADGRE5,P48960,ADGRE5,ENSG00000123146
ADGRG3,Q86Y34,ADGRG3,ENSG00000182885
ADGRG5,Q8IZF4,ADGRG5,ENSG00000159618
ADGRL1,O94910,ADGRL1,ENSG00000072071
ADGRV1,Q8WXG9,ADGRV1,ENSG00000164199
ADIPOQ,Q15848,ADIPOQ,ENSG00000181092
ADIPOR1,Q96A54,ADIPOR1,ENSG00000159346
ADIPOR2,Q86V24,ADIPOR2,ENSG00000006831
ADIPOR2,Q86V24,ADIPOR2,ENSG00000285070
ADM,P35318,ADM,ENSG00000148926
ADM2,Q7Z4H4,ADM2,ENSG00000128165
ADORA1,P30542,ADORA1,ENSG00000163485
ADORA2A,P29274,ADORA2A,ENSG00000128271
ADORA2B,P29275,ADORA2B,ENSG00000170425
ADORA3,P0DMS8,ADORA3,ENSG00000282608
ADRA1A,P35348,ADRA1A,ENSG00000120907
ADRA1B,P35368,ADRA1B,ENSG00000170214
ADRA1D,P25100,ADRA1D,ENSG00000171873
ADRA2A,P08913,ADRA2A,ENSG00000150594
ADRA2B,P18089,ADRA2B,ENSG00000274286
ADRA2C,P18825,ADRA2C,ENSG00000184160
ADRB1,P08588,ADRB1,ENSG00000043591
ADRB2,P07550,ADRB2,ENSG00000169252
ADRB3,P13945,ADRB3,ENSG00000188778
AGER,Q15109,AGER,ENSG00000229058
AGER,Q15109,AGER,ENSG00000230514
AGER,Q15109,AGER,ENSG00000204305
AGER,Q15109,AGER,ENSG00000231268
AGER,Q15109,AGER,ENSG00000237405
AGER,Q15109,AGER,ENSG00000206320
AGER,Q15109,AGER,ENSG00000234729
AGRN,O00468,AGRN,ENSG00000188157
AGRP,O00253,AGRP,ENSG00000159723
AGT,P01019,AGT,ENSG00000135744
AGTR1,P30556,AGTR1,ENSG00000144891
AGTR2,P50052,AGTR2,ENSG00000180772
AIMP1,Q12904,AIMP1,ENSG00000164022
AKR1B1,P15121,AKR1B1,ENSG00000085662
AKR1C3,P42330,AKR1C3,ENSG00000196139
AKR1D1,P51857,AKR1D1,ENSG00000122787
ALB,P02768,ALB,ENSG00000163631
ALCAM,Q13740,ALCAM,ENSG00000170017
ALDH1A1,P00352,ALDH1A1,ENSG00000165092
ALDH1A2,O94788,ALDH1A2,ENSG00000128918
ALDH1A3,P47895,ALDH1A3,ENSG00000184254
ALK,Q9UM73,ALK,ENSG00000171094
ALOX12,P18054,ALOX12,ENSG00000108839
ALOX5,P09917,ALOX5,ENSG00000275565
ALOX5,P09917,ALOX5,ENSG00000012779
ALOX5AP,P20292,ALOX5AP,ENSG00000132965
AMH,P03971,AMH,ENSG00000104899
AMHR2,Q16671,AMHR2,ENSG00000135409
AMN,Q9BXJ7,AMN,ENSG00000166126
ANGPT1,Q15389,ANGPT1,ENSG00000154188
ANGPT2,O15123,ANGPT2,ENSG00000091879
ANGPT4,Q9Y264,ANGPT4,ENSG00000101280
ANTXR1,Q9H6X2,ANTXR1,ENSG00000169604
ANXA1,P04083,ANXA1,ENSG00000135046
APELA,P0DMC3,APELA,ENSG00000248329
APLN,Q9ULZ1,APLN,ENSG00000171388
APLNR,P35414,APLNR,ENSG00000134817
APOA1,P02647,APOA1,ENSG00000118137
APOA2,P02652,APOA2,ENSG00000158874
APOB,P04114,APOB,ENSG00000084674
APOBR,Q0VD83,APOBR,ENSG00000184730
APOE,P02649,APOE,ENSG00000130203
APP,P05067,APP,ENSG00000142192
AR,P10275,AR,ENSG00000169083
AREG,P15514,AREG,ENSG00000109321
ARF1,P84077,ARF1,ENSG00000143761
ARTN,Q5T4W7,ARTN,ENSG00000117407
ASGR2,P07307,ASGR2,ENSG00000161944
ASIP,P42127,ASIP,ENSG00000101440
ASMT,P46597,ASMT,ENSG00000196433
ATP6AP2,O75787,ATP6AP2,ENSG00000182220
AVP,P01185,AVP,ENSG00000101200
AVPR1A,P37288,AVPR1A,ENSG00000166148
AVPR1B,P47901,AVPR1B,ENSG00000198049
AVPR2,P30518,AVPR2,ENSG00000126895
AXL,P30530,AXL,ENSG00000167601
B2M,P61769,B2M,ENSG00000273686
B2M,P61769,B2M,ENSG00000166710
BAG6,P46379,BAG6,ENSG00000228760
BAG6,P46379,BAG6,ENSG00000233348
BAG6,P46379,BAG6,ENSG00000234651
BAG6,P46379,BAG6,ENSG00000096155
BAG6,P46379,BAG6,ENSG00000204463
BAG6,P46379,BAG6,ENSG00000227761
BAG6,P46379,BAG6,ENSG00000229524
BCR,P11274,BCR,ENSG00000186716
BDKRB1,P46663,BDKRB1,ENSG00000100739
BDKRB2,P30411,BDKRB2,ENSG00000168398
BDNF,P23560,BDNF,ENSG00000176697
BMP10,O95393,BMP10,ENSG00000163217
BMP15,O95972,BMP15,ENSG00000130385
BMP2,P12643,BMP2,ENSG00000125845
BMP4,P12644,BMP4,ENSG00000125378
BMP5,P22003,BMP5,ENSG00000112175
BMP6,P22004,BMP6,ENSG00000153162
BMP7,P18075,BMP7,ENSG00000101144
BMP8A,Q7Z5Y6,BMP8A,ENSG00000183682
BMP8B,P34820,BMP8B,ENSG00000116985
BMPR1A,P36894,BMPR1A,ENSG00000107779
BMPR1B,O00238,BMPR1B,ENSG00000138696
BMPR2,Q13873,BMPR2,ENSG00000204217
BOC,Q9BWV1,BOC,ENSG00000144857
BSG,P35613,BSG,ENSG00000172270
BST2,Q10589,BST2,ENSG00000130303
BTC,P35070,BTC,ENSG00000174808
BTLA,Q7Z6A9,BTLA,ENSG00000186265
C10orf99,Q6UWK7,C10orf99,ENSG00000188373
C3,P01024,C3,ENSG00000125730
C3AR1,Q16581,C3AR1,ENSG00000171860
C4A,P0C0L4,C4A,ENSG00000227746
C4A,P0C0L4,C4A,ENSG00000244731
C4A,P0C0L4,C4A,ENSG00000206340
C4A,P0C0L4,C4A,ENSG00000244207
C5,P01031,C5,ENSG00000106804
C5AR1,P21730,C5AR1,ENSG00000197405
C5AR2,Q9P296,C5AR2,ENSG00000134830
CADM1,Q9BY67,CADM1,ENSG00000182985
CADM3,Q8N126,CADM3,ENSG00000162706
CADM4,Q8NFZ8,CADM4,ENSG00000105767
CALCA,P01258,CALCA,ENSG00000110680
CALCB,P10092,CALCB,ENSG00000175868
CALCR,P30988,CALCR,ENSG00000004948
CALCRL,Q16602,CALCRL,ENSG00000064989
CAMP,P49913,CAMP,ENSG00000164047
CATSPER1,Q8NEC5,CATSPER1,ENSG00000175294
CATSPER2,Q96P56,CATSPER2,ENSG00000166762
CATSPER3,Q86XQ3,CATSPER3,ENSG00000152705
CATSPER4,Q7RTX7,CATSPER4,ENSG00000188782
CATSPERB,Q9H7T0,CATSPERB,ENSG00000133962
CATSPERB,Q9H7T0,CATSPERB,ENSG00000274338
CATSPERD,Q86XM0,CATSPERD,ENSG00000174898
CBR1,P16152,CBR1,ENSG00000159228
CCK,P06307,CCK,ENSG00000187094
CCKAR,P32238,CCKAR,ENSG00000163394
CCKBR,P32239,CCKBR,ENSG00000110148
CCL1,P22362,CCL1,ENSG00000108702
CCL11,P51671,CCL11,ENSG00000172156
CCL13,Q99616,CCL13,ENSG00000181374
CCL14,Q16627,CCL14,ENSG00000277236
CCL14,Q16627,CCL14,ENSG00000276409
CCL15,Q16663,CCL15,ENSG00000275528
CCL15,Q16663,CCL15,ENSG00000275718
CCL16,O15467,CCL16,ENSG00000275152
CCL16,O15467,CCL16,ENSG00000275095
CCL17,Q92583,CCL17,ENSG00000102970
CCL18,P55774,CCL18,ENSG00000275385
CCL18,P55774,CCL18,ENSG00000278006
CCL18,P55774,CCL18,ENSG00000278167
CCL19,Q99731,CCL19,ENSG00000172724
CCL2,P13500,CCL2,ENSG00000108691
CCL20,P78556,CCL20,ENSG00000115009
CCL21,O00585,CCL21,ENSG00000137077
CCL22,O00626,CCL22,ENSG00000102962
CCL23,P55773,CCL23,ENSG00000274736
CCL23,P55773,CCL23,ENSG00000276114
CCL24,O00175,CCL24,ENSG00000106178
CCL25,O15444,CCL25,ENSG00000131142
CCL26,Q9Y258,CCL26,ENSG00000006606
CCL27,Q9Y4X3,CCL27,ENSG00000213927
CCL28,Q9NRJ3,CCL28,ENSG00000151882
CCL3,P10147,CCL3,ENSG00000277632
CCL3,P10147,CCL3,ENSG00000278567
CCL3,P10147,CCL3,ENSG00000274221
CCL3L1,P16619,CCL3L1,ENSG00000276085
CCL3L1,CCL3L1,CCL3L1,ENSG00000276085
CCL3L3,P16619,CCL3L3,ENSG00000277796
CCL3L3,P16619,CCL3L3,ENSG00000277768
CCL3L3,P16619,CCL3L3,ENSG00000277336
CCL4,P13236,CCL4,ENSG00000275824
CCL4,P13236,CCL4,ENSG00000277943
CCL4,P13236,CCL4,ENSG00000275302
CCL4L2,Q8NHW4,CCL4L2,ENSG00000275313
CCL4L2,Q8NHW4,CCL4L2,ENSG00000276070
CCL5,P13501,CCL5,ENSG00000271503
CCL5,P13501,CCL5,ENSG00000274233
CCL7,P80098,CCL7,ENSG00000108688
CCL8,P80075,CCL8,ENSG00000108700
CCR1,P32246,CCR1,ENSG00000163823
CCR10,P46092,CCR10,ENSG00000184451
CCR2,P41597,CCR2,ENSG00000121807
CCR3,P51677,CCR3,ENSG00000183625
CCR4,P51679,CCR4,ENSG00000183813
CCR5,P51681,CCR5,ENSG00000160791
CCR6,P51684,CCR6,ENSG00000112486
CCR7,P32248,CCR7,ENSG00000126353
CCR8,P51685,CCR8,ENSG00000179934
CCR9,P51686,CCR9,ENSG00000173585
CCRL2,O00421,CCRL2,ENSG00000121797
CD160,O95971,CD160,ENSG00000117281
CD177,Q8N6Q3,CD177,ENSG00000204936
CD1D,P15813,CD1D,ENSG00000158473
CD2,P06729,CD2,ENSG00000116824
CD200,P41217,CD200,ENSG00000091972
CD200R1,Q8TD46,CD200R1,ENSG00000163606
CD209,Q9NNX6,CD209,ENSG00000090659
CD22,P20273,CD22,ENSG00000012124
CD226,Q15762,CD226,ENSG00000150637
CD24,P25063,CD24,ENSG00000272398
CD244,Q9BZW8,CD244,ENSG00000122223
CD27,P26842,CD27,ENSG00000139193
CD274,Q9NZQ7,CD274,ENSG00000120217
CD276,Q5ZPR3,CD276,ENSG00000103855
CD28,P10747,CD28,ENSG00000178562
CD34,P28906,CD34,ENSG00000174059
CD36,P16671,CD36,ENSG00000135218
CD38,P28907,CD38,ENSG00000004468
CD40,P25942,CD40,ENSG00000101017
CD40LG,P29965,CD40LG,ENSG00000102245
CD44,P16070,CD44,ENSG00000026508
CD46,P15529,CD46,ENSG00000117335
CD47,Q08722,CD47,ENSG00000196776
CD48,P09326,CD48,ENSG00000117091
CD52,P31358,CD52,ENSG00000169442
CD55,P08174,CD55,ENSG00000196352
CD58,P19256,CD58,ENSG00000116815
CD6,P30203,CD6,ENSG00000013725
CD70,P32970,CD70,ENSG00000125726
CD72,P21854,CD72,ENSG00000137101
CD74,P04233,CD74,ENSG00000019582
CD80,P33681,CD80,ENSG00000121594
CD83,Q01151,CD83,ENSG00000112149
CD86,P42081,CD86,ENSG00000114013
CD8A,P01732,CD8A,ENSG00000153563
CD8B,P10966,CD8B,ENSG00000172116
CD96,P40200,CD96,ENSG00000153283
CD99,P14209,CD99,ENSG00000002586
CDH1,P12830,CDH1,ENSG00000039068
CDH2,P19022,CDH2,ENSG00000170558
CDH3,P22223,CDH3,ENSG00000062038
CDH5,P33151,CDH5,ENSG00000179776
CDH6,P55285,CDH6,ENSG00000113361
CDH7,Q9ULB5,CDH7,ENSG00000081138
CDON,Q4KMG0,CDON,ENSG00000064309
CEACAM1,P13688,CEACAM1,ENSG00000079385
CEACAM5,P06731,CEACAM5,ENSG00000105388
CEACAM6,P40199,CEACAM6,ENSG00000086548
CEACAM8,P31997,CEACAM8,ENSG00000124469
CEL,P19835,CEL,ENSG00000170835
CELSR2,Q9HCU4,CELSR2,ENSG00000143126
CELSR3,Q9NYQ7,CELSR3,ENSG00000008300
CER1,O95813,CER1,ENSG00000147869
CFC1,P0CG37,CFC1,ENSG00000136698
CGA,P01215,CGA,ENSG00000135346
CHAT,P28329,CHAT,ENSG00000070748
CHRM1,P11229,CHRM1,ENSG00000168539
CHRM2,P08172,CHRM2,ENSG00000181072
CHRM3,P20309,CHRM3,ENSG00000133019
CHRM4,P08173,CHRM4,ENSG00000180720
CHRM5,P08912,CHRM5,ENSG00000184984
CHRNA1,P02708,CHRNA1,ENSG00000138435
CHRNA2,Q15822,CHRNA2,ENSG00000120903
CHRNA3,P32297,CHRNA3,ENSG00000080644
CHRNA4,P43681,CHRNA4,ENSG00000101204
CHRNA5,P30532,CHRNA5,ENSG00000169684
CHRNA6,Q15825,CHRNA6,ENSG00000147434
CHRNA7,P36544,CHRNA7,ENSG00000175344
CHRNB2,P17787,CHRNB2,ENSG00000160716
CHRNB3,Q05901,CHRNB3,ENSG00000147432
CHRNB4,P30926,CHRNB4,ENSG00000117971
CLCF1,Q9UBD9,CLCF1,ENSG00000175505
CLEC2A,Q6UVW9,CLEC2A,ENSG00000188393
CLEC2B,Q92478,CLEC2B,ENSG00000110852
CLEC2D,Q9UHP7,CLEC2D,ENSG00000069493
CLEC4M,Q9H2X3,CLEC4M,ENSG00000104938
CLU,P10909,CLU,ENSG00000120885
CMKLR1,Q99788,CMKLR1,ENSG00000174600
CNR1,P21554,CNR1,ENSG00000118432
CNR2,P34972,CNR2,ENSG00000188822
CNTF,P26441,CNTF,ENSG00000242689
CNTFR,P26992,CNTFR,ENSG00000122756
CNTN1,Q12860,CNTN1,ENSG00000018236
COL10A1,Q03692,COL10A1,ENSG00000123500
COL11A1,P12107,COL11A1,ENSG00000060718
COL11A2,P13942,COL11A2,ENSG00000227801
COL11A2,P13942,COL11A2,ENSG00000204248
COL11A2,P13942,COL11A2,ENSG00000232541
COL11A2,P13942,COL11A2,ENSG00000230930
COL11A2,P13942,COL11A2,ENSG00000206290
COL11A2,P13942,COL11A2,ENSG00000223699
COL11A2,P13942,COL11A2,ENSG00000235708
COL12A1,Q99715,COL12A1,ENSG00000111799
COL13A1,Q5TAT6,COL13A1,ENSG00000197467
COL14A1,Q05707,COL14A1,ENSG00000187955
COL15A1,P39059,COL15A1,ENSG00000204291
COL16A1,Q07092,COL16A1,ENSG00000084636
COL17A1,Q9UMD9,COL17A1,ENSG00000065618
COL18A1,P39060,COL18A1,ENSG00000182871
COL19A1,Q14993,COL19A1,ENSG00000082293
COL1A1,P02452,COL1A1,ENSG00000108821
COL1A2,P08123,COL1A2,ENSG00000164692
COL20A1,Q9P218,COL20A1,ENSG00000101203
COL21A1,Q96P44,COL21A1,ENSG00000124749
COL22A1,Q8NFW1,COL22A1,ENSG00000169436
COL24A1,Q17RW2,COL24A1,ENSG00000171502
COL26A1,Q96A83,COL26A1,ENSG00000160963
COL27A1,Q8IZC6,COL27A1,ENSG00000196739
COL28A1,Q2UY09,COL28A1,ENSG00000215018
COL2A1,P02458,COL2A1,ENSG00000139219
COL3A1,P02461,COL3A1,ENSG00000168542
COL4A1,P02462,COL4A1,ENSG00000187498
COL4A2,P08572,COL4A2,ENSG00000134871
COL4A3,Q01955,COL4A3,ENSG00000169031
COL4A4,P53420,COL4A4,ENSG00000081052
COL4A5,P29400,COL4A5,ENSG00000188153
COL4A6,Q14031,COL4A6,ENSG00000197565
COL5A1,P20908,COL5A1,ENSG00000130635
COL5A2,P05997,COL5A2,ENSG00000204262
COL5A3,P25940,COL5A3,ENSG00000080573
COL6A1,P12109,COL6A1,ENSG00000142156
COL6A2,P12110,COL6A2,ENSG00000142173
COL6A3,P12111,COL6A3,ENSG00000163359
COL6A5,A8TX70,COL6A5,ENSG00000172752
COL6A6,A6NMZ7,COL6A6,ENSG00000206384
COL7A1,Q02388,COL7A1,ENSG00000114270
COL8A1,P27658,COL8A1,ENSG00000144810
COL8A2,P25067,COL8A2,ENSG00000171812
COL9A1,P20849,COL9A1,ENSG00000112280
COL9A2,Q14055,COL9A2,ENSG00000049089
COL9A3,Q14050,COL9A3,ENSG00000092758
COLEC12,Q5KU26,COLEC12,ENSG00000158270
COPA,P53621,COPA,ENSG00000122218
CORT,O00230,CORT,ENSG00000241563
CR2,P20023,CR2,ENSG00000117322
CRABP2,P29373,CRABP2,ENSG00000143320
CRH,P06850,CRH,ENSG00000147571
CRHR1,P34998,CRHR1,ENSG00000120088
CRHR1,P34998,CRHR1,ENSG00000278232
CRHR1,P34998,CRHR1,ENSG00000276191
CRHR2,Q13324,CRHR2,ENSG00000106113
CRLF2,Q9HC73,CRLF2,ENSG00000205755
CRTAM,O95727,CRTAM,ENSG00000109943
CSF1,P09603,CSF1,ENSG00000184371
CSF1R,P07333,CSF1R,ENSG00000182578
CSF2,P04141,CSF2,ENSG00000164400
CSF2RA,P15509,CSF2RA,ENSG00000198223
CSF2RB,P32927,CSF2RB,ENSG00000100368
CSF3,P09919,CSF3,ENSG00000108342
CSF3R,Q99062,CSF3R,ENSG00000119535
CSHL1,Q14406,CSHL1,ENSG00000204414
CSPG4,Q6UVK1,CSPG4,ENSG00000173546
CTLA4,P16410,CTLA4,ENSG00000163599
CUBN,O60494,CUBN,ENSG00000107611
CX3CL1,P78423,CX3CL1,ENSG00000006210
CX3CR1,P49238,CX3CR1,ENSG00000168329
CXADR,P78310,CXADR,ENSG00000154639
CXCL1,P09341,CXCL1,ENSG00000163739
CXCL10,P02778,CXCL10,ENSG00000169245
CXCL11,O14625,CXCL11,ENSG00000169248
CXCL12,P48061,CXCL12,ENSG00000107562
CXCL13,O43927,CXCL13,ENSG00000156234
CXCL14,O95715,CXCL14,ENSG00000145824
CXCL16,Q9H2A7,CXCL16,ENSG00000161921
CXCL17,Q6UXB2,CXCL17,ENSG00000189377
CXCL2,P19875,CXCL2,ENSG00000081041
CXCL3,P19876,CXCL3,ENSG00000163734
CXCL5,P42830,CXCL5,ENSG00000163735
CXCL6,P80162,CXCL6,ENSG00000124875
CXCL8,P10145,CXCL8,ENSG00000169429
CXCL9,Q07325,CXCL9,ENSG00000138755
CXCR1,P25024,CXCR1,ENSG00000163464
CXCR2,P25025,CXCR2,ENSG00000180871
CXCR3,P49682,CXCR3,ENSG00000186810
CXCR4,P61073,CXCR4,ENSG00000121966
CXCR5,P32302,CXCR5,ENSG00000160683
CXCR6,O00574,CXCR6,ENSG00000172215
CYP11A1,P05108,CYP11A1,ENSG00000140459
CYP11B1,P15538,CYP11B1,ENSG00000160882
CYP11B2,P19099,CYP11B2,ENSG00000179142
CYP17A1,P05093,CYP17A1,ENSG00000148795
CYP19A1,P11511,CYP19A1,ENSG00000137869
CYP21A2,P08686,CYP21A2,ENSG00000232414
CYP21A2,P08686,CYP21A2,ENSG00000198457
CYP21A2,P08686,CYP21A2,ENSG00000206338
CYP21A2,P08686,CYP21A2,ENSG00000231852
CYP21A2,P08686,CYP21A2,ENSG00000235134
CYP21A2,P08686,CYP21A2,ENSG00000233151
CYP27B1,O15528,CYP27B1,ENSG00000111012
CYP3A4,P08684,CYP3A4,ENSG00000160868
CYSLTR1,Q9Y271,CYSLTR1,ENSG00000173198
CYSLTR2,Q9NS75,CYSLTR2,ENSG00000152207
DAG1,Q14118,DAG1,ENSG00000173402
DAGLA,Q9Y4D2,DAGLA,ENSG00000134780
DAGLB,Q8NCG7,DAGLB,ENSG00000164535
DBH,P09172,DBH,ENSG00000123454
DCC,P43146,DCC,ENSG00000187323
DDC,P20711,DDC,ENSG00000132437
DDR1,Q08345,DDR1,ENSG00000223680
DDR1,Q08345,DDR1,ENSG00000215522
DDR1,Q08345,DDR1,ENSG00000230456
DDR1,Q08345,DDR1,ENSG00000229767
DDR1,Q08345,DDR1,ENSG00000234078
DDR1,Q08345,DDR1,ENSG00000204580
DDR1,Q08345,DDR1,ENSG00000137332
DHCR24,Q15392,DHCR24,ENSG00000116133
DHCR7,Q9UBM7,DHCR7,ENSG00000172893
DHH,O43323,DHH,ENSG00000139549
DHRS9,Q9BPW9,DHRS9,ENSG00000073737
DIO3,P55073,DIO3,ENSG00000197406
DKK1,O94907,DKK1,ENSG00000107984
DKK2,Q9UBU2,DKK2,ENSG00000155011
DLK1,P80370,DLK1,ENSG00000185559
DLL1,O00548,DLL1,ENSG00000275555
DLL1,O00548,DLL1,ENSG00000198719
DLL3,Q9NYJ7,DLL3,ENSG00000090932
DLL4,Q9NR61,DLL4,ENSG00000128917
DPEP1,P16444,DPEP1,ENSG00000015413
DPEP2,Q9H4A9,DPEP2,ENSG00000167261
DPEP3,Q9H4B8,DPEP3,ENSG00000141096
DPP4,P27487,DPP4,ENSG00000197635
DRD1,P21728,DRD1,ENSG00000184845
DRD2,P14416,DRD2,ENSG00000149295
DRD3,P35462,DRD3,ENSG00000151577
DRD4,P21917,DRD4,ENSG00000276825
DRD4,P21917,DRD4,ENSG00000069696
DRD5,P21918,DRD5,ENSG00000169676
DSC1,Q08554,DSC1,ENSG00000134765
DSC2,Q02487,DSC2,ENSG00000134755
DSC3,Q14574,DSC3,ENSG00000134762
DSCAM,O60469,DSCAM,ENSG00000171587
DSG1,Q02413,DSG1,ENSG00000134760
DSG2,Q14126,DSG2,ENSG00000046604
EBI3,Q14213,EBI3,ENSG00000105246
EDA,Q92838,EDA,ENSG00000158813
EDA2R,Q9HAV5,EDA2R,ENSG00000131080
EDAR,Q9UNE0,EDAR,ENSG00000135960
EDN2,P20800,EDN2,ENSG00000127129
EDNRA,P25101,EDNRA,ENSG00000151617
EFNA1,P20827,EFNA1,ENSG00000169242
EFNA2,O43921,EFNA2,ENSG00000099617
EFNA3,P52797,EFNA3,ENSG00000143590
EFNA4,P52798,EFNA4,ENSG00000243364
EFNA5,P52803,EFNA5,ENSG00000184349
EFNB1,P98172,EFNB1,ENSG00000090776
EFNB2,P52799,EFNB2,ENSG00000125266
EFNB3,Q15768,EFNB3,ENSG00000108947
EGF,P01133,EGF,ENSG00000138798
EGFR,P00533,EGFR,ENSG00000146648
ENHO,Q6UWT2,ENHO,ENSG00000168913
ENTPD1,P49961,ENTPD1,ENSG00000138185
EPB41L1,Q9H4G0,EPB41L1,ENSG00000088367
EPGN,Q6UW88,EPGN,ENSG00000182585
EPHA1,P21709,EPHA1,ENSG00000284816
EPHA1,P21709,EPHA1,ENSG00000146904
EPHA2,P29317,EPHA2,ENSG00000142627
EPHA3,P29320,EPHA3,ENSG00000044524
EPHA4,P54764,EPHA4,ENSG00000116106
EPHA5,P54756,EPHA5,ENSG00000145242
EPHA7,Q15375,EPHA7,ENSG00000135333
EPHA8,P29322,EPHA8,ENSG00000070886
EPHB1,P54762,EPHB1,ENSG00000154928
EPHB2,P29323,EPHB2,ENSG00000133216
EPHB3,P54753,EPHB3,ENSG00000182580
EPHB4,P54760,EPHB4,ENSG00000196411
EPHB6,O15197,EPHB6,ENSG00000106123
EPHB6,O15197,EPHB6,ENSG00000275482
EPO,P01588,EPO,ENSG00000130427
EPOR,P19235,EPOR,ENSG00000187266
ERBB2,P04626,ERBB2,ENSG00000141736
ERBB3,P21860,ERBB3,ENSG00000065361
ERBB4,Q15303,ERBB4,ENSG00000178568
EREG,O14944,EREG,ENSG00000124882
ERFE,Q4G0M1,ERFE,ENSG00000178752
ERVH48-1,M5A8F1,ERVH48-1,to_be_reviewed
ESAM,Q96AP7,ESAM,ENSG00000149564
ESR1,P03372,ESR1,ENSG00000091831
ESR2,Q92731,ESR2,ENSG00000140009
EZR,P15311,EZR,ENSG00000092820
F10,P00742,F10,ENSG00000126218
F11R,Q9Y624,F11R,ENSG00000158769
F2,P00734,F2,ENSG00000180210
FAM19A1,Q7Z5A9,FAM19A1,ENSG00000183662
FAM19A4,Q96LR4,FAM19A4,ENSG00000163377
FAM19A5,Q7Z5A7,FAM19A5,ENSG00000219438
FAM213B,Q8TBF2,FAM213B,ENSG00000157870
FAM213B,Q8TBF2,FAM213B,ENSG00000275125
FAM3C,Q92520,FAM3C,ENSG00000196937
FAS,P25445,FAS,ENSG00000026103
FASLG,P48023,FASLG,ENSG00000117560
FBN1,P35555,FBN1,ENSG00000166147
FCER2,P06734,FCER2,ENSG00000104921
FCGR2A,P12318,FCGR2A,ENSG00000143226
FCGRT,P55899,FCGRT,ENSG00000104870
FCRL4,Q96PJ5,FCRL4,ENSG00000163518
FDX1,P10109,FDX1,ENSG00000137714
FDX2,Q6P4F2,FDX2,ENSG00000267673
FDXR,P22570,FDXR,ENSG00000161513
FFAR2,O15552,FFAR2,ENSG00000126262
FGA,P02671,FGA,ENSG00000171560
FGB,P02675,FGB,ENSG00000171564
FGF1,P05230,FGF1,ENSG00000113578
FGF10,O15520,FGF10,ENSG00000070193
FGF17,O60258,FGF17,ENSG00000158815
FGF18,O76093,FGF18,ENSG00000156427
FGF19,O95750,FGF19,ENSG00000162344
FGF2,P09038,FGF2,ENSG00000138685
FGF20,Q9NP95,FGF20,ENSG00000078579
FGF21,Q9NSA1,FGF21,ENSG00000105550
FGF22,Q9HCT0,FGF22,ENSG00000070388
FGF23,Q9GZV9,FGF23,ENSG00000118972
FGF3,P11487,FGF3,ENSG00000186895
FGF4,P08620,FGF4,ENSG00000075388
FGF5,P12034,FGF5,ENSG00000138675
FGF6,P10767,FGF6,ENSG00000111241
FGF7,P21781,FGF7,ENSG00000140285
FGF8,P55075,FGF8,ENSG00000107831
FGF9,P31371,FGF9,ENSG00000102678
FGFR1,P11362,FGFR1,ENSG00000077782
FGFR2,P21802,FGFR2,ENSG00000066468
FGFR3,P22607,FGFR3,ENSG00000068078
FGFR4,P22455,FGFR4,ENSG00000160867
FGFRL1,Q8N441,FGFRL1,ENSG00000127418
FGG,P02679,FGG,ENSG00000171557
FGL1,Q08830,FGL1,ENSG00000104760
FLT1,P17948,FLT1,ENSG00000102755
FLT3,P36888,FLT3,ENSG00000122025
FLT3LG,P49771,FLT3LG,ENSG00000090554
FLT4,P35916,FLT4,ENSG00000037280
FN1,P02751,FN1,ENSG00000115414
FPR1,P21462,FPR1,ENSG00000171051
FPR2,P25090,FPR2,ENSG00000171049
FPR3,P25089,FPR3,ENSG00000187474
FRZB,Q92765,FRZB,ENSG00000162998
FSHB,P01225,FSHB,ENSG00000131808
FSHR,P23945,FSHR,ENSG00000170820
FTH1,P02794,FTH1,ENSG00000167996
FTL,P02792,FTL,ENSG00000087086
FZD1,Q9UP38,FZD1,ENSG00000157240
FZD10,Q9ULW2,FZD10,ENSG00000111432
FZD2,Q14332,FZD2,ENSG00000180340
FZD3,Q9NPG1,FZD3,ENSG00000104290
FZD4,Q9ULV1,FZD4,ENSG00000174804
FZD5,Q13467,FZD5,ENSG00000163251
FZD6,O60353,FZD6,ENSG00000164930
FZD7,O75084,FZD7,ENSG00000155760
FZD8,Q9H461,FZD8,ENSG00000177283
FZD9,O00144,FZD9,ENSG00000188763
GAL,P22466,GAL,ENSG00000069482
GALP,Q9UBC7,GALP,ENSG00000197487
GALR1,P47211,GALR1,ENSG00000166573
GALR2,O43603,GALR2,ENSG00000182687
GALR3,O60755,GALR3,ENSG00000128310
GAS1,P54826,GAS1,ENSG00000180447
GAS6,Q14393,GAS6,ENSG00000183087
GAST,P01350,GAST,ENSG00000184502
GCG,P01275,GCG,ENSG00000115263
GCGR,P47871,GCGR,ENSG00000215644
GDF1,P27539,GDF1,ENSG00000130283
GDF10,P55107,GDF10,ENSG00000266524
GDF11,O95390,GDF11,ENSG00000135414
GDF15,Q99988,GDF15,ENSG00000130513
GDF2,Q9UK05,GDF2,ENSG00000263761
GDF3,Q9NR23,GDF3,ENSG00000184344
GDF5,P43026,GDF5,ENSG00000125965
GDF6,Q6KF10,GDF6,ENSG00000156466
GDF7,Q7Z4P5,GDF7,ENSG00000143869
GDF9,O60383,GDF9,ENSG00000164404
GDNF,P39905,GDNF,ENSG00000168621
GFRA1,P56159,GFRA1,ENSG00000151892
GFRA2,O00451,GFRA2,ENSG00000168546
GFRA3,O60609,GFRA3,ENSG00000146013
GFRA4,Q9GZZ7,GFRA4,ENSG00000125861
GFRAL,Q6UXV0,GFRAL,ENSG00000187871
GGT1,P19440,GGT1,ENSG00000100031
GGT1,P19440,GGT1,ENSG00000286070
GGT5,P36269,GGT5,ENSG00000099998
GH1,P01241,GH1,ENSG00000259384
GH2,P01242,GH2,ENSG00000136487
GHR,P10912,GHR,ENSG00000112964
GHRH,P01286,GHRH,ENSG00000118702
GHRHR,Q02643,GHRHR,ENSG00000106128
GHRL,Q9UBU3,GHRL,ENSG00000157017
GHSR,Q92847,GHSR,ENSG00000121853
GIP,P09681,GIP,ENSG00000159224
GIPR,P48546,GIPR,ENSG00000010310
GLG1,Q92896,GLG1,ENSG00000090863
GLP1R,P43220,GLP1R,ENSG00000112164
GLP2R,O95838,GLP2R,ENSG00000065325
GLRA2,P23416,GLRA2,ENSG00000101958
GNRH1,P01148,GNRH1,ENSG00000147437
GNRH2,O43555,GNRH2,ENSG00000125787
GNRHR,P30968,GNRHR,ENSG00000109163
GNRHR2,Q96P88,GNRHR2,to_be_reviewed
GP1BA,P07359,GP1BA,ENSG00000185245
GP1BB,P13224,GP1BB,ENSG00000203618
GPC3,P51654,GPC3,ENSG00000147257
GPER1,Q99527,GPER1,ENSG00000164850
GPHA2,Q96T91,GPHA2,ENSG00000149735
GPHB5,Q86YW7,GPHB5,ENSG00000179600
GPI,P06744,GPI,ENSG00000105220
GPI,P06744,GPI,ENSG00000282019
GPR1,P46091,GPR1,ENSG00000183671
GPR1,P46091,GPR1,ENSG00000283448
GPR101,Q96P66,GPR101,ENSG00000165370
GPR143,P51810,GPR143,ENSG00000101850
GPR15,P49685,GPR15,ENSG00000154165
GPR151,Q8TDV0,GPR151,ENSG00000173250
GPR152,Q8TDT2,GPR152,ENSG00000175514
GPR17,Q13304,GPR17,ENSG00000144230
GPR19,Q15760,GPR19,ENSG00000183150
GPR25,O00155,GPR25,ENSG00000170128
GPR35,Q9HC97,GPR35,ENSG00000178623
GPR37,O15354,GPR37,ENSG00000170775
GPR37L1,O60883,GPR37L1,ENSG00000170075
GPR42,O15529,GPR42,ENSG00000126251
GPR55,Q9Y2T6,GPR55,ENSG00000135898
GPR75,O95800,GPR75,ENSG00000119737
GPRC5B,Q9NZH0,GPRC5B,ENSG00000167191
GPRC5D,Q9NZD1,GPRC5D,ENSG00000111291
GRIN2A,Q12879,GRIN2A,ENSG00000183454
GRIN2B,Q13224,GRIN2B,ENSG00000273079
GRIN2C,Q14957,GRIN2C,ENSG00000161509
GRIN2D,O15399,GRIN2D,ENSG00000105464
GRN,P28799,GRN,ENSG00000030582
GRP,P07492,GRP,ENSG00000134443
GRPR,P30550,GRPR,ENSG00000126010
GUCA2A,Q02747,GUCA2A,ENSG00000197273
GUCA2B,Q16661,GUCA2B,ENSG00000044012
GUCY2C,P25092,GUCY2C,ENSG00000070019
HAVCR2,Q8TDQ0,HAVCR2,ENSG00000135077
HBEGF,Q99075,HBEGF,ENSG00000113070
HCRT,O43612,HCRT,ENSG00000161610
HCRTR1,O43613,HCRTR1,ENSG00000121764
HCRTR2,O43614,HCRTR2,ENSG00000137252
HCST,Q9UBK5,HCST,ENSG00000126264
HDC,P19113,HDC,ENSG00000140287
HEBP1,Q9NRV9,HEBP1,ENSG00000013583
HFE,Q30201,HFE,ENSG00000010704
HGF,P14210,HGF,ENSG00000019991
HHIP,Q96QV1,HHIP,ENSG00000164161
HLA-A,HLAA,HLA-A,ENSG00000235657
HLA-A,HLAA,HLA-A,ENSG00000231834
HLA-A,HLAA,HLA-A,ENSG00000224320
HLA-A,HLAA,HLA-A,ENSG00000223980
HLA-A,HLAA,HLA-A,ENSG00000206505
HLA-A,HLAA,HLA-A,ENSG00000206503
HLA-A,HLAA,HLA-A,ENSG00000229215
HLA-B,HLAB,HLA-B,ENSG00000223532
HLA-B,HLAB,HLA-B,ENSG00000206450
HLA-B,HLAB,HLA-B,ENSG00000234745
HLA-B,HLAB,HLA-B,ENSG00000228964
HLA-B,HLAB,HLA-B,ENSG00000224608
HLA-B,HLAB,HLA-B,ENSG00000232126
HLA-C,HLAC,HLA-C,ENSG00000206452
HLA-C,HLAC,HLA-C,ENSG00000206435
HLA-C,HLAC,HLA-C,ENSG00000228299
HLA-C,HLAC,HLA-C,ENSG00000204525
HLA-C,HLAC,HLA-C,ENSG00000237022
HLA-C,HLAC,HLA-C,ENSG00000225691
HLA-DPA1,HLADPA1,HLA-DPA1,ENSG00000231389
HLA-DPB1,HLADPB1,HLA-DPB1,ENSG00000223865
HLA-DQB2,HLADQB2,HLA-DQB2,ENSG00000232629
HLA-DRB1,HLADRB1,HLA-DRB1,ENSG00000196126
HLA-E,P13747,HLA-E,ENSG00000229252
HLA-E,P13747,HLA-E,ENSG00000236632
HLA-E,P13747,HLA-E,ENSG00000206493
HLA-E,P13747,HLA-E,ENSG00000230254
HLA-E,P13747,HLA-E,ENSG00000204592
HLA-E,P13747,HLA-E,ENSG00000233904
HLA-E,P13747,HLA-E,ENSG00000225201
HLA-F,P30511,HLA-F,ENSG00000204642
HLA-F,P30511,HLA-F,ENSG00000229698
HLA-F,P30511,HLA-F,ENSG00000237508
HLA-F,P30511,HLA-F,ENSG00000235220
HLA-F,P30511,HLA-F,ENSG00000206509
HLA-F,P30511,HLA-F,ENSG00000137403
HLA-G,P17693,HLA-G,ENSG00000233095
HLA-G,P17693,HLA-G,ENSG00000206506
HLA-G,P17693,HLA-G,ENSG00000237216
HLA-G,P17693,HLA-G,ENSG00000235346
HLA-G,P17693,HLA-G,ENSG00000276051
HLA-G,P17693,HLA-G,ENSG00000230413
HLA-G,P17693,HLA-G,ENSG00000235680
HLA-G,P17693,HLA-G,ENSG00000204632
HRH1,P35367,HRH1,ENSG00000196639
HRH2,P25021,HRH2,ENSG00000113749
HRH3,Q9Y5N1,HRH3,ENSG00000101180
HRH4,Q9H3N8,HRH4,ENSG00000134489
HSD17B1,P14061,HSD17B1,ENSG00000108786
HSD17B12,Q53GQ0,HSD17B12,ENSG00000149084
HSD17B3,P37058,HSD17B3,ENSG00000130948
HSD17B6,O14756,HSD17B6,ENSG00000025423
HSD3B1,P14060,HSD3B1,ENSG00000203857
HTR1A,P08908,HTR1A,ENSG00000178394
HTR1B,P28222,HTR1B,ENSG00000135312
HTR1D,P28221,HTR1D,ENSG00000179546
HTR1E,P28566,HTR1E,ENSG00000168830
HTR1F,P30939,HTR1F,ENSG00000179097
HTR2A,P28223,HTR2A,ENSG00000102468
HTR2B,P41595,HTR2B,ENSG00000135914
HTR2C,P28335,HTR2C,ENSG00000147246
HTR3A,P46098,HTR3A,ENSG00000166736
HTR3B,O95264,HTR3B,ENSG00000149305
HTR3C,Q8WXA8,HTR3C,ENSG00000178084
HTR3D,Q70Z44,HTR3D,ENSG00000186090
HTR3E,A5X5Y0,HTR3E,ENSG00000186038
HTR4,Q13639,HTR4,ENSG00000164270
HTR5A,P47898,HTR5A,ENSG00000157219
HTR6,P50406,HTR6,ENSG00000158748
HTR7,P34969,HTR7,ENSG00000148680
IAPP,P10997,IAPP,ENSG00000121351
ICAM1,P05362,ICAM1,ENSG00000090339
ICAM2,P13598,ICAM2,ENSG00000108622
ICAM3,P32942,ICAM3,ENSG00000076662
ICAM4,Q14773,ICAM4,ENSG00000105371
ICOS,Q9Y6W8,ICOS,ENSG00000163600
ICOSLG,O75144,ICOSLG,ENSG00000160223
IDE,P14735,IDE,ENSG00000119912
IFNA1,P01562,IFNA1,ENSG00000197919
IFNA1,IFNA1,IFNA1,ENSG00000197919
IFNA10,P01566,IFNA10,ENSG00000186803
IFNA13,P01562,IFNA13,ENSG00000233816
IFNA14,P01570,IFNA14,ENSG00000228083
IFNA16,P05015,IFNA16,ENSG00000147885
IFNA17,P01571,IFNA17,ENSG00000234829
IFNA2,P01563,IFNA2,ENSG00000188379
IFNA21,P01568,IFNA21,ENSG00000137080
IFNA4,P05014,IFNA4,ENSG00000236637
IFNA5,P01569,IFNA5,ENSG00000147873
IFNA6,P05013,IFNA6,ENSG00000120235
IFNA7,P01567,IFNA7,ENSG00000214042
IFNA8,P32881,IFNA8,ENSG00000120242
IFNAR1,P17181,IFNAR1,ENSG00000142166
IFNAR2,P48551,IFNAR2,ENSG00000159110
IFNB1,P01574,IFNB1,ENSG00000171855
IFNE,Q86WN2,IFNE,ENSG00000184995
IFNG,P01579,IFNG,ENSG00000111537
IFNGR1,P15260,IFNGR1,ENSG00000027697
IFNGR2,P38484,IFNGR2,ENSG00000262795
IFNGR2,P38484,IFNGR2,ENSG00000159128
IFNK,Q9P0W0,IFNK,ENSG00000147896
IFNL1,Q8IU54,IFNL1,ENSG00000182393
IFNL2,Q8IZJ0,IFNL2,ENSG00000183709
IFNL3,Q8IZI9,IFNL3,ENSG00000197110
IFNLR1,Q8IU57,IFNLR1,ENSG00000185436
IFNW1,P05000,IFNW1,ENSG00000177047
IGF1,P05019,IGF1,ENSG00000017427
IGF1R,P08069,IGF1R,ENSG00000140443
IGF2,P01344,IGF2,ENSG00000167244
IGF2,P01344,,ENSG00000284779
IGF2R,P11717,IGF2R,ENSG00000197081
IGFBP3,P17936,IGFBP3,ENSG00000146674
IGFL1,Q6UW32,IGFL1,ENSG00000188293
IGFL2,Q6UWQ7,IGFL2,ENSG00000204866
IGFL3,Q6UXB1,IGFL3,ENSG00000188624
IGFLR1,Q9H665,IGFLR1,ENSG00000126246
IHH,Q14623,IHH,ENSG00000163501
IL10,P22301,IL10,ENSG00000136634
IL10RA,Q13651,IL10RA,ENSG00000110324
IL10RB,Q08334,IL10RB,ENSG00000243646
IL11,P20809,IL11,ENSG00000095752
IL11RA,Q14626,IL11RA,ENSG00000137070
IL12A,P29459,IL12A,ENSG00000168811
IL12B,P29460,IL12B,ENSG00000113302
IL12RB1,P42701,IL12RB1,ENSG00000096996
IL12RB2,Q99665,IL12RB2,ENSG00000081985
IL13,P35225,IL13,ENSG00000169194
IL13RA1,P78552,IL13RA1,ENSG00000131724
IL13RA2,Q14627,IL13RA2,ENSG00000123496
IL15,P40933,IL15,ENSG00000164136
IL15RA,Q13261,IL15RA,ENSG00000134470
IL16,Q14005,IL16,ENSG00000172349
IL17A,Q16552,IL17A,ENSG00000112115
IL17C,Q9P0M4,IL17C,ENSG00000124391
IL17F,Q96PD4,IL17F,ENSG00000112116
IL17RA,Q96F46,IL17RA,ENSG00000177663
IL17RB,Q9NRM6,IL17RB,ENSG00000056736
IL17RC,Q8NAC3,IL17RC,ENSG00000163702
IL17RE,Q8NFR9,IL17RE,ENSG00000163701
IL18,Q14116,IL18,ENSG00000150782
IL18R1,Q13478,IL18R1,ENSG00000115604
IL18RAP,O95256,IL18RAP,ENSG00000115607
IL19,Q9UHD0,IL19,ENSG00000142224
IL1A,P01583,IL1A,ENSG00000115008
IL1B,P01584,IL1B,ENSG00000125538
IL1F10,Q8WWZ1,IL1F10,ENSG00000136697
IL1R1,P14778,IL1R1,ENSG00000115594
IL1R2,P27930,IL1R2,ENSG00000115590
IL1RAP,Q9NPH3,IL1RAP,ENSG00000196083
IL1RAPL1,Q9NZN1,IL1RAPL1,ENSG00000169306
IL1RL1,Q01638,IL1RL1,ENSG00000115602
IL1RL2,Q9HB29,IL1RL2,ENSG00000115598
IL1RN,P18510,IL1RN,ENSG00000136689
IL2,P60568,IL2,ENSG00000109471
IL20,Q9NYY1,IL20,ENSG00000162891
IL20RA,Q9UHF4,IL20RA,ENSG00000016402
IL20RB,Q6UXL0,IL20RB,ENSG00000174564
IL21,Q9HBE4,IL21,ENSG00000138684
IL21R,Q9HBE5,IL21R,ENSG00000103522
IL22,Q9GZX6,IL22,ENSG00000127318
IL22RA1,Q8N6P7,IL22RA1,ENSG00000142677
IL23A,Q9NPF7,IL23A,ENSG00000110944
IL23R,Q5VWK5,IL23R,ENSG00000162594
IL24,Q13007,IL24,ENSG00000162892
IL25,Q9H293,IL25,ENSG00000166090
IL26,Q9NPH9,IL26,ENSG00000111536
IL27,Q8NEV9,IL27,ENSG00000197272
IL27RA,Q6UWB1,IL27RA,ENSG00000104998
IL2RA,P01589,IL2RA,ENSG00000134460
IL2RB,P14784,IL2RB,ENSG00000100385
IL2RG,P31785,IL2RG,ENSG00000147168
IL3,P08700,IL3,ENSG00000164399
IL33,O95760,IL33,ENSG00000137033
IL34,Q6ZMJ4,IL34,ENSG00000157368
IL36A,Q9UHA7,IL36A,ENSG00000136694
IL36B,Q9NZH7,IL36B,ENSG00000136696
IL36G,Q9NZH8,IL36G,ENSG00000136688
IL36RN,Q9UBH0,IL36RN,ENSG00000136695
IL37,Q9NZH6,IL37,ENSG00000125571
IL3RA,P26951,IL3RA,ENSG00000185291
IL4,P05112,IL4,ENSG00000113520
IL4R,P24394,IL4R,ENSG00000077238
IL5,P05113,IL5,ENSG00000113525
IL5RA,Q01344,IL5RA,ENSG00000091181
IL6,P05231,IL6,ENSG00000136244
IL6R,P08887,IL6R,ENSG00000160712
IL6ST,P40189,IL6ST,ENSG00000134352
IL7,P13232,IL7,ENSG00000104432
IL7R,P16871,IL7R,ENSG00000168685
IL9,P15248,IL9,ENSG00000145839
IL9R,Q01113,IL9R,ENSG00000124334
INHA,P05111,INHA,ENSG00000123999
INHBA,P08476,INHBA,ENSG00000122641
INHBB,P09529,INHBB,ENSG00000163083
INHBC,P55103,INHBC,ENSG00000175189
INHBE,P58166,INHBE,ENSG00000139269
INS,P01308,INS,ENSG00000254647
INSL3,P51460,INSL3,ENSG00000248099
INSL5,Q9Y5Q6,INSL5,ENSG00000172410
INSR,P06213,INSR,ENSG00000171105
ITGA1,P56199,ITGA1,ENSG00000213949
ITGA10,O75578,ITGA10,ENSG00000143127
ITGA11,Q9UKX5,ITGA11,ENSG00000137809
ITGA2,P17301,ITGA2,ENSG00000164171
ITGA2B,P08514,ITGA2B,ENSG00000005961
ITGA3,P26006,ITGA3,ENSG00000005884
ITGA4,P13612,ITGA4,ENSG00000115232
ITGA5,P08648,ITGA5,ENSG00000161638
ITGA6,P23229,ITGA6,ENSG00000091409
ITGA7,Q13683,ITGA7,ENSG00000135424
ITGA8,P53708,ITGA8,ENSG00000077943
ITGA9,Q13797,ITGA9,ENSG00000144668
ITGAD,Q13349,ITGAD,ENSG00000156886
ITGAE,P38570,ITGAE,ENSG00000083457
ITGAL,P20701,ITGAL,ENSG00000005844
ITGAM,P11215,ITGAM,ENSG00000169896
ITGAV,P06756,ITGAV,ENSG00000138448
ITGAX,P20702,ITGAX,ENSG00000140678
ITGB1,P05556,ITGB1,ENSG00000150093
ITGB2,P05107,ITGB2,ENSG00000160255
ITGB3,P05106,ITGB3,ENSG00000259207
ITGB4,P16144,ITGB4,ENSG00000132470
ITGB5,P18084,ITGB5,ENSG00000082781
ITGB6,P18564,ITGB6,ENSG00000115221
ITGB7,P26010,ITGB7,ENSG00000139626
ITGB8,P26012,ITGB8,ENSG00000105855
JAG1,P78504,JAG1,ENSG00000101384
JAG2,Q9Y219,JAG2,ENSG00000184916
JAM2,P57087,JAM2,ENSG00000154721
JAM3,Q9BX67,JAM3,ENSG00000166086
KDR,P35968,KDR,ENSG00000128052
KIR2DL1,P43626,KIR2DL1,ENSG00000273794
KIR2DL1,P43626,KIR2DL1,ENSG00000125498
KIR2DL1,P43626,KIR2DL1,ENSG00000278495
KIR2DL1,P43626,KIR2DL1,ENSG00000273510
KIR2DL1,P43626,KIR2DL1,ENSG00000278821
KIR2DL1,P43626,KIR2DL1,ENSG00000277833
KIR2DL1,P43626,KIR2DL1,ENSG00000278738
KIR2DL1,P43626,KIR2DL1,ENSG00000278207
KIR2DL1,P43626,KIR2DL1,ENSG00000275196
KIR2DL1,P43626,KIR2DL1,ENSG00000275276
KIR2DL1,P43626,KIR2DL1,ENSG00000274782
KIR2DL1,P43626,KIR2DL1,ENSG00000278755
KIR2DL1,P43626,KIR2DL1,ENSG00000277616
KIR2DL1,P43626,KIR2DL1,ENSG00000275750
KIR2DL1,P43626,KIR2DL1,ENSG00000274926
KIR2DL1,P43626,KIR2DL1,ENSG00000277356
KIR2DL1,P43626,KIR2DL1,ENSG00000276625
KIR2DL1,P43626,KIR2DL1,ENSG00000276820
KIR2DL1,P43626,KIR2DL1,ENSG00000278805
KIR2DL1,P43626,KIR2DL1,ENSG00000274692
KIR2DL1,P43626,KIR2DL1,ENSG00000284145
KIR2DL1,P43626,KIR2DL1,ENSG00000284530
KIR2DL1,P43626,KIR2DL1,ENSG00000284401
KIR2DL1,P43626,KIR2DL1,ENSG00000284514
KIR2DL1,P43626,KIR2DL1,ENSG00000283723
KIR2DL1,P43626,KIR2DL1,ENSG00000284551
KIR2DL1,P43626,KIR2DL1,ENSG00000284347
KIR2DL1,P43626,KIR2DL1,ENSG00000275522
KIR2DL1,P43626,KIR2DL1,ENSG00000278503
KIR2DL1,P43626,KIR2DL1,ENSG00000284100
KIR2DL1,P43626,KIR2DL1,ENSG00000275080
KIR2DL1,P43626,KIR2DL1,ENSG00000278248
KIR2DL1,P43626,KIR2DL1,ENSG00000276310
KIR2DL3,P43628,KIR2DL3,ENSG00000275623
KIR2DL3,P43628,KIR2DL3,ENSG00000273947
KIR2DL3,P43628,KIR2DL3,ENSG00000278369
KIR2DL3,P43628,KIR2DL3,ENSG00000275008
KIR2DL3,P43628,KIR2DL3,ENSG00000284132
KIR2DL3,P43628,KIR2DL3,ENSG00000284044
KIR2DL3,P43628,KIR2DL3,ENSG00000284504
KIR2DL3,P43628,KIR2DL3,ENSG00000273887
KIR2DL3,P43628,KIR2DL3,ENSG00000284236
KIR2DL3,P43628,KIR2DL3,ENSG00000275658
KIR2DL3,P43628,KIR2DL3,ENSG00000284241
KIR2DL3,P43628,KIR2DL3,ENSG00000243772
KIR2DL3,P43628,KIR2DL3,ENSG00000283996
KIR2DL3,P43628,KIR2DL3,ENSG00000277924
KIR2DL3,P43628,KIR2DL3,ENSG00000277484
KIR2DL3,P43628,KIR2DL3,ENSG00000284333
KIR2DL3,P43628,KIR2DL3,ENSG00000283702
KIR2DL3,P43628,KIR2DL3,ENSG00000278327
KIR2DL3,P43628,KIR2DL3,ENSG00000274830
KIR2DL3,P43628,KIR2DL3,ENSG00000284510
KIR2DL3,P43628,KIR2DL3,ENSG00000283790
KIR2DL3,P43628,KIR2DL3,ENSG00000276459
KIR2DL3,P43628,KIR2DL3,ENSG00000283708
KIR2DL3,P43628,KIR2DL3,ENSG00000274402
KIR2DL3,P43628,KIR2DL3,ENSG00000276218
KIR2DL3,P43628,KIR2DL3,ENSG00000276590
KIR2DL3,P43628,KIR2DL3,ENSG00000274952
KIR2DL3,P43628,KIR2DL3,ENSG00000277317
KIR2DL3,P43628,KIR2DL3,ENSG00000274410
KIR2DL3,P43628,KIR2DL3,ENSG00000274108
KIR2DL3,P43628,KIR2DL3,ENSG00000277554
KIR3DL1,P43629,KIR3DL1,ENSG00000275288
KIR3DL1,P43629,KIR3DL1,ENSG00000284426
KIR3DL1,P43629,KIR3DL1,ENSG00000167633
KIR3DL1,P43629,KIR3DL1,ENSG00000276423
KIR3DL1,P43629,KIR3DL1,ENSG00000274036
KIR3DL1,P43629,KIR3DL1,ENSG00000284342
KIR3DL1,P43629,KIR3DL1,ENSG00000283954
KIR3DL1,P43629,KIR3DL1,ENSG00000275659
KIR3DL1,P43629,KIR3DL1,ENSG00000274920
KIR3DL1,P43629,KIR3DL1,ENSG00000277175
KIR3DL1,P43629,KIR3DL1,ENSG00000274146
KIR3DL1,P43629,KIR3DL1,ENSG00000283827
KIR3DL1,P43629,KIR3DL1,ENSG00000275486
KIR3DL1,P43629,KIR3DL1,ENSG00000278368
KIR3DL1,P43629,KIR3DL1,ENSG00000278079
KIR3DL1,P43629,KIR3DL1,ENSG00000275545
KIR3DL1,P43629,KIR3DL1,ENSG00000273518
KIR3DL1,P43629,KIR3DL1,ENSG00000275717
KIR3DL1,P43629,KIR3DL1,ENSG00000276379
KIR3DL1,P43629,KIR3DL1,ENSG00000275786
KIR3DL1,P43629,KIR3DL1,ENSG00000284177
KIR3DL1,P43629,KIR3DL1,ENSG00000276501
KIR3DL1,P43629,KIR3DL1,ENSG00000277272
KIR3DL1,P43629,KIR3DL1,ENSG00000284093
KIR3DL1,P43629,KIR3DL1,ENSG00000284589
KIR3DL1,P43629,KIR3DL1,ENSG00000283729
KIR3DL1,P43629,KIR3DL1,ENSG00000274948
KIR3DL1,P43629,KIR3DL1,ENSG00000276329
KIR3DL1,P43629,KIR3DL1,ENSG00000278856
KIR3DL1,P43629,KIR3DL1,ENSG00000283731
KIR3DL1,P43629,KIR3DL1,ENSG00000273775
KIR3DL1,P43629,KIR3DL1,ENSG00000278427
KIR3DL2,P43630,KIR3DL2,ENSG00000275629
KIR3DL2,P43630,KIR3DL2,ENSG00000278850
KIR3DL2,P43630,KIR3DL2,ENSG00000278656
KIR3DL2,P43630,KIR3DL2,ENSG00000276424
KIR3DL2,P43630,KIR3DL2,ENSG00000278707
KIR3DL2,P43630,KIR3DL2,ENSG00000273735
KIR3DL2,P43630,KIR3DL2,ENSG00000278710
KIR3DL2,P43630,KIR3DL2,ENSG00000276882
KIR3DL2,P43630,KIR3DL2,ENSG00000278758
KIR3DL2,P43630,KIR3DL2,ENSG00000275511
KIR3DL2,P43630,KIR3DL2,ENSG00000275566
KIR3DL2,P43630,KIR3DL2,ENSG00000277709
KIR3DL2,P43630,KIR3DL2,ENSG00000273911
KIR3DL2,P43630,KIR3DL2,ENSG00000284192
KIR3DL2,P43630,KIR3DL2,ENSG00000284053
KIR3DL2,P43630,KIR3DL2,ENSG00000276739
KIR3DL2,P43630,KIR3DL2,ENSG00000240403
KIR3DL2,P43630,KIR3DL2,ENSG00000278361
KIR3DL2,P43630,KIR3DL2,ENSG00000278442
KIR3DL2,P43630,KIR3DL2,ENSG00000278726
KIR3DL2,P43630,KIR3DL2,ENSG00000276004
KIR3DL2,P43630,KIR3DL2,ENSG00000275626
KIR3DL2,P43630,KIR3DL2,ENSG00000278474
KIR3DL2,P43630,KIR3DL2,ENSG00000275416
KIR3DL2,P43630,KIR3DL2,ENSG00000284101
KIR3DL2,P43630,KIR3DL2,ENSG00000274722
KIR3DL2,P43630,KIR3DL2,ENSG00000276357
KIR3DL2,P43630,KIR3DL2,ENSG00000284466
KIR3DL2,P43630,KIR3DL2,ENSG00000284213
KIR3DL2,P43630,KIR3DL2,ENSG00000284295
KIR3DL2,P43630,KIR3DL2,ENSG00000284381
KIR3DL2,P43630,KIR3DL2,ENSG00000277181
KIR3DL2,P43630,KIR3DL2,ENSG00000277982
KIR3DL2,P43630,KIR3DL2,ENSG00000284384
KIR3DL2,P43630,KIR3DL2,ENSG00000275262
KIR3DL2,P43630,KIR3DL2,ENSG00000284063
KIR3DL2,P43630,KIR3DL2,ENSG00000278809
KIR3DL2,P43630,KIR3DL2,ENSG00000283951
KIR3DL2,P43630,KIR3DL2,ENSG00000284528
KIR3DL2,P43630,KIR3DL2,ENSG00000278403
KIR3DL2,P43630,KIR3DL2,ENSG00000275083
KIR3DL2,P43630,KIR3DL2,ENSG00000284046
KIR3DL2,P43630,KIR3DL2,ENSG00000283975
KIR3DL2,P43630,KIR3DL2,ENSG00000275838
KIR3DS1,Q14943,KIR3DS1,ENSG00000275037
KIR3DS1,Q14943,KIR3DS1,ENSG00000276534
KIR3DS1,Q14943,KIR3DS1,ENSG00000275608
KIR3DS1,Q14943,KIR3DS1,ENSG00000274283
KIR3DS1,Q14943,KIR3DS1,ENSG00000274465
KIR3DS1,Q14943,KIR3DS1,ENSG00000276498
KIR3DS1,Q14943,KIR3DS1,ENSG00000275434
KISS1,Q15726,KISS1,ENSG00000170498
KISS1R,Q969F8,KISS1R,ENSG00000116014
KIT,P10721,KIT,ENSG00000157404
KITLG,P21583,KITLG,ENSG00000049130
KL,Q9UEF7,KL,ENSG00000133116
KLB,Q86Z14,KLB,ENSG00000134962
KLRB1,Q12918,KLRB1,ENSG00000111796
KLRC1,P26715,KLRC1,ENSG00000134545
KLRC2,P26717,KLRC2,ENSG00000205809
KLRC3,Q07444,KLRC3,ENSG00000205810
KLRD1,Q13241,KLRD1,ENSG00000134539
KLRF1,Q9NZS2,KLRF1,ENSG00000150045
KLRF2,D3W0D1,KLRF2,ENSG00000256797
KLRG1,Q96E93,KLRG1,ENSG00000139187
KLRG2,A4D1S0,KLRG2,ENSG00000188883
KLRK1,P26718,KLRK1,ENSG00000213809
KNG1,P01042,KNG1,ENSG00000113889
KREMEN1,Q96MU8,KREMEN1,ENSG00000183762
KREMEN2,Q8NCW0,KREMEN2,ENSG00000131650
L1CAM,P32004,L1CAM,ENSG00000198910
LAG3,P18627,LAG3,ENSG00000089692
LAIR1,Q6GTX8,LAIR1,ENSG00000167613
LAIR1,Q6GTX8,LAIR1,ENSG00000278154
LAIR1,Q6GTX8,LAIR1,ENSG00000276053
LAIR1,Q6GTX8,LAIR1,ENSG00000274110
LAIR1,Q6GTX8,LAIR1,ENSG00000276163
LAMA3,Q16787,LAMA3,ENSG00000053747
LAMC1,P11047,LAMC1,ENSG00000135862
LAMP1,P11279,LAMP1,ENSG00000185896
LCK,P06239,LCK,ENSG00000182866
LCN2,P80188,LCN2,ENSG00000148346
LDLR,P01130,LDLR,ENSG00000130164
LEAP2,Q969E1,LEAP2,ENSG00000164406
LEFTY1,O75610,LEFTY1,ENSG00000243709
LEFTY2,O00292,LEFTY2,ENSG00000143768
LEP,P41159,LEP,ENSG00000174697
LEPR,P48357,LEPR,ENSG00000116678
LGALS3,P17931,LGALS3,ENSG00000131981
LGALS9,O00182,LGALS9,ENSG00000168961
LGR4,Q9BXB1,LGR4,ENSG00000205213
LGR5,O75473,LGR5,ENSG00000139292
LGR6,Q9HBX8,LGR6,ENSG00000133067
LHB,P01229,LHB,ENSG00000104826
LHCGR,P22888,LHCGR,ENSG00000138039
LIF,P15018,LIF,ENSG00000128342
LIFR,P42702,LIFR,ENSG00000113594
LILRA4,P59901,LILRA4,ENSG00000276798
LILRA4,P59901,LILRA4,ENSG00000239961
LILRA4,P59901,LILRA4,ENSG00000277092
LILRA4,P59901,LILRA4,ENSG00000274185
LILRB1,Q8NHL6,LILRB1,ENSG00000104972
LILRB1,Q8NHL6,LILRB1,ENSG00000277134
LILRB1,Q8NHL6,LILRB1,ENSG00000274669
LILRB1,Q8NHL6,LILRB1,ENSG00000276452
LILRB1,Q8NHL6,LILRB1,ENSG00000277807
LILRB2,Q8N423,LILRB2,ENSG00000274513
LILRB2,Q8N423,LILRB2,ENSG00000131042
LILRB2,Q8N423,LILRB2,ENSG00000276146
LILRB2,Q8N423,LILRB2,ENSG00000277751
LILRB2,Q8N423,LILRB2,ENSG00000275463
LILRB4,Q8NHJ6,LILRB4,ENSG00000278279
LILRB4,Q8NHJ6,LILRB4,ENSG00000276042
LILRB4,Q8NHJ6,LILRB4,ENSG00000186818
LILRB4,Q8NHJ6,LILRB4,ENSG00000275730
LILRB4,Q8NHJ6,LILRB4,ENSG00000278555
LIPA,P38571,LIPA,ENSG00000107798
LRP1,Q07954,LRP1,ENSG00000123384
LRP4,O75096,LRP4,ENSG00000134569
LRP5,O75197,LRP5,ENSG00000162337
LRP6,O75581,LRP6,ENSG00000281324
LRP6,O75581,LRP6,ENSG00000070018
LRP8,Q14114,LRP8,ENSG00000157193
LRPAP1,P30533,LRPAP1,ENSG00000163956
LSR,Q86X29,LSR,ENSG00000105699
LTA,P01374,LTA,ENSG00000226979
LTA,P01374,LTA,ENSG00000230279
LTA,P01374,LTA,ENSG00000223919
LTA,P01374,LTA,ENSG00000226275
LTA,P01374,LTA,ENSG00000238130
LTA,P01374,LTA,ENSG00000173503
LTA,P01374,LTA,ENSG00000231408
LTA4H,P09960,LTA4H,ENSG00000111144
LTB,Q06643,LTB,ENSG00000223448
LTB,Q06643,LTB,ENSG00000238114
LTB,Q06643,LTB,ENSG00000204487
LTB,Q06643,LTB,ENSG00000206437
LTB,Q06643,LTB,ENSG00000236925
LTB,Q06643,LTB,ENSG00000236237
LTB,Q06643,LTB,ENSG00000227507
LTB,Q06643,LTB,ENSG00000231314
LTB4R,Q15722,LTB4R,ENSG00000213903
LTB4R,Q15722,LTB4R,ENSG00000285456
LTB4R2,Q9NPC1,LTB4R2,ENSG00000285203
LTB4R2,Q9NPC1,LTB4R2,ENSG00000213906
LTBR,P36941,LTBR,ENSG00000111321
LTC4S,Q16873,LTC4S,ENSG00000213316
LTC4S,Q16873,LTC4S,ENSG00000283887
MADCAM1,Q13477,MADCAM1,ENSG00000099866
MARCO,Q9UEW3,MARCO,ENSG00000019169
MC1R,Q01726,MC1R,ENSG00000258839
MC2R,Q01718,MC2R,ENSG00000185231
MC3R,P41968,MC3R,ENSG00000124089
MC4R,P32245,MC4R,ENSG00000166603
MC5R,P33032,MC5R,ENSG00000176136
MCHR1,Q99705,MCHR1,ENSG00000128285
MCHR2,Q969V1,MCHR2,ENSG00000152034
MDK,P21741,MDK,ENSG00000110492
MERTK,Q12866,MERTK,ENSG00000153208
MET,P08581,MET,ENSG00000105976
MICA,Q29983,MICA,ENSG00000235233
MICA,Q29983,MICA,ENSG00000231225
MICA,Q29983,MICA,ENSG00000204520
MICA,Q29983,MICA,ENSG00000183214
MICA,Q29983,MICA,ENSG00000233051
MICB,Q29980,MICB,ENSG00000234218
MICB,Q29980,MICB,ENSG00000231372
MICB,Q29980,MICB,ENSG00000231179
MICB,Q29980,MICB,ENSG00000224378
MICB,Q29980,MICB,ENSG00000238289
MICB,Q29980,MICB,ENSG00000204516
MICB,Q29980,MICB,ENSG00000206449
MICB,Q29980,MICB,ENSG00000227772
MIF,P14174,MIF,ENSG00000276701
MIF,P14174,MIF,ENSG00000240972
MLN,P12872,MLN,ENSG00000096395
MLNR,O43193,MLNR,ENSG00000102539
MMP2,P08253,MMP2,ENSG00000087245
MPL,P40238,MPL,ENSG00000117400
MRC1,P22897,MRC1,ENSG00000260314
MRC2,Q9UBG0,MRC2,ENSG00000011028
MRGPRX1,Q96LB2,MRGPRX1,ENSG00000170255
MRGPRX2,Q96LB1,MRGPRX2,ENSG00000183695
MS4A4A,Q96JQ5,MS4A4A,ENSG00000110079
MST1,P26927,MST1,ENSG00000173531
MST1R,Q04912,MST1R,ENSG00000164078
MSTN,O14793,MSTN,ENSG00000138379
MT-RNR2,Q8IVG9,MT-RNR2,to_be_reviewed
MTNR1A,P48039,MTNR1A,ENSG00000168412
MTNR1B,P49286,MTNR1B,ENSG00000134640
MUSK,O15146,MUSK,ENSG00000030304
NAMPT,P43490,NAMPT,ENSG00000105835
NCAM1,P13591,NCAM1,ENSG00000149294
NCR3,O14931,NCR3,ENSG00000223833
NCR3,O14931,NCR3,ENSG00000236979
NCR3,O14931,NCR3,ENSG00000236315
NCR3,O14931,NCR3,ENSG00000206430
NCR3,O14931,NCR3,ENSG00000204475
NCR3,O14931,NCR3,ENSG00000225211
NCR3,O14931,NCR3,ENSG00000237808
NCR3,O14931,NCR3,ENSG00000237103
NCR3LG1,Q68D85,NCR3LG1,ENSG00000188211
NDP,Q00604,NDP,ENSG00000124479
NECTIN1,Q15223,NECTIN1,ENSG00000110400
NECTIN2,Q92692,NECTIN2,ENSG00000130202
NECTIN3,Q9NQS3,NECTIN3,ENSG00000177707
NECTIN4,Q96NY8,NECTIN4,ENSG00000143217
NELL2,Q99435,NELL2,ENSG00000184613
NETO2,Q8NC67,NETO2,ENSG00000171208
NGF,P01138,NGF,ENSG00000134259
NGFR,P08138,NGFR,ENSG00000064300
NMB,P08949,NMB,ENSG00000197696
NMBR,P28336,NMBR,ENSG00000135577
NMS,Q5H8A3,NMS,ENSG00000204640
NMU,P48645,NMU,ENSG00000109255
NMUR1,Q9HB89,NMUR1,ENSG00000171596
NMUR2,Q9GZQ4,NMUR2,ENSG00000132911
NODAL,Q96S42,NODAL,ENSG00000156574
NOTCH1,P46531,NOTCH1,ENSG00000148400
NOTCH2,Q04721,NOTCH2,ENSG00000134250
NOTCH3,Q9UM47,NOTCH3,ENSG00000074181
NOTCH4,Q99466,NOTCH4,ENSG00000235396
NOTCH4,Q99466,NOTCH4,ENSG00000204301
NOTCH4,Q99466,NOTCH4,ENSG00000238196
NOTCH4,Q99466,NOTCH4,ENSG00000232339
NOTCH4,Q99466,NOTCH4,ENSG00000206312
NOTCH4,Q99466,NOTCH4,ENSG00000234876
NOTCH4,Q99466,NOTCH4,ENSG00000223355
NOV,P48745,NOV,ENSG00000136999
NPB,Q8NG41,NPB,ENSG00000183979
NPBWR1,P48145,NPBWR1,ENSG00000183729
NPBWR2,P48146,NPBWR2,ENSG00000125522
NPBWR2,P48146,NPBWR2,ENSG00000277339
NPFFR1,Q9GZQ6,NPFFR1,ENSG00000148734
NPPA,P01160,NPPA,ENSG00000175206
NPPB,P16860,NPPB,ENSG00000120937
NPPC,P23582,NPPC,ENSG00000163273
NPR1,P16066,NPR1,ENSG00000169418
NPR2,P20594,NPR2,ENSG00000159899
NPR3,P17342,NPR3,ENSG00000113389
NPS,P0C0P6,NPS,ENSG00000214285
NPSR1,Q6W5P4,NPSR1,ENSG00000187258
NPVF,Q9HCQ7,NPVF,ENSG00000105954
NPW,Q8N729,NPW,ENSG00000183971
NPY1R,P25929,NPY1R,ENSG00000164128
NPY2R,P49146,NPY2R,ENSG00000185149
NPY4R,P50391,NPY4R,ENSG00000204174
NPY5R,Q15761,NPY5R,ENSG00000164129
NR1H2,P55055,NR1H2,ENSG00000131408
NR1H3,Q13133,NR1H3,ENSG00000025434
NR1H4,Q96RI1,NR1H4,ENSG00000012504
NR1I2,O75469,NR1I2,ENSG00000144852
NR3C1,P04150,NR3C1,ENSG00000113580
NR3C2,P08235,NR3C2,ENSG00000151623
NRG1,Q02297,NRG1,ENSG00000157168
NRG2,O14511,NRG2,ENSG00000158458
NRG3,P56975,NRG3,ENSG00000185737
NRG4,Q8WWG1,NRG4,ENSG00000169752
NRP1,O14786,NRP1,ENSG00000099250
NRP2,O60462,NRP2,ENSG00000118257
NRTN,Q99748,NRTN,ENSG00000171119
NSMF,Q6X4W1,NSMF,ENSG00000165802
NTF3,P20783,NTF3,ENSG00000185652
NTF4,P34130,NTF4,ENSG00000225950
NTN1,O95631,NTN1,ENSG00000065320
NTN4,Q9HB63,NTN4,ENSG00000074527
NTRK1,P04629,NTRK1,ENSG00000198400
NTRK2,Q16620,NTRK2,ENSG00000148053
NTRK3,Q16288,NTRK3,ENSG00000140538
NTS,P30990,NTS,ENSG00000133636
NTSR1,P30989,NTSR1,ENSG00000101188
NXNL1,Q96CM4,NXNL1,ENSG00000171773
OGN,P20774,OGN,ENSG00000106809
OMD,Q99983,OMD,ENSG00000127083
OPRD1,P41143,OPRD1,ENSG00000116329
OPRK1,P41145,OPRK1,ENSG00000082556
OPRL1,P41146,OPRL1,ENSG00000125510
OPRL1,P41146,OPRL1,ENSG00000277044
OPRM1,P35372,OPRM1,ENSG00000112038
OSM,P13725,OSM,ENSG00000099985
OSMR,Q99650,OSMR,ENSG00000145623
OSTN,P61366,OSTN,ENSG00000188729
OXER1,Q8TDS5,OXER1,ENSG00000162881
OXT,P01178,OXT,ENSG00000101405
OXTR,P30559,OXTR,ENSG00000180914
P2RY6,Q15077,P2RY6,ENSG00000171631
P4HB,P07237,P4HB,ENSG00000185624
PDCD1,Q15116,PDCD1,ENSG00000276977
PDCD1,Q15116,PDCD1,ENSG00000188389
PDCD1LG2,Q9BQ51,PDCD1LG2,ENSG00000197646
PDGFA,P04085,PDGFA,ENSG00000197461
PDGFB,P01127,PDGFB,ENSG00000100311
PDGFC,Q9NRA1,PDGFC,ENSG00000145431
PDGFD,Q9GZP0,PDGFD,ENSG00000170962
PDGFRA,P16234,PDGFRA,ENSG00000134853
PDGFRB,P09619,PDGFRB,ENSG00000113721
PDYN,P01213,PDYN,ENSG00000101327
PECAM1,P16284,PECAM1,ENSG00000261371
PENK,P01210,PENK,ENSG00000181195
PF4,P02776,PF4,ENSG00000163737
PGF,P49763,PGF,ENSG00000119630
PGR,P06401,PGR,ENSG00000082175
PGRMC2,O15173,PGRMC2,ENSG00000164040
PILRA,Q9UKJ1,PILRA,ENSG00000085514
PLA2G2A,P14555,PLA2G2A,ENSG00000188257
PLAU,P00749,PLAU,ENSG00000122861
PLAUR,Q03405,PLAUR,ENSG00000011422
PLD2,O14939,PLD2,ENSG00000129219
PLG,P00747,PLG,ENSG00000122194
PLXNA1,Q9UIW2,PLXNA1,ENSG00000114554
PLXNA2,O75051,PLXNA2,ENSG00000076356
PLXNA3,P51805,PLXNA3,ENSG00000130827
PLXNA4,Q9HCM2,PLXNA4,ENSG00000221866
PLXNB1,O43157,PLXNB1,ENSG00000164050
PLXNB2,O15031,PLXNB2,ENSG00000196576
PLXNB3,Q9ULL4,PLXNB3,ENSG00000198753
PLXNC1,O60486,PLXNC1,ENSG00000136040
PLXND1,Q9Y4D7,PLXND1,ENSG00000004399
PMCH,P20382,PMCH,ENSG00000183395
PNMT,P11086,PNMT,ENSG00000141744
PNOC,Q13519,PNOC,ENSG00000168081
PODXL,O00592,PODXL,ENSG00000128567
PODXL2,Q9NZ53,PODXL2,ENSG00000114631
POMC,P01189,POMC,ENSG00000115138
PPARA,Q07869,PPARA,ENSG00000186951
PPARD,Q03181,PPARD,ENSG00000112033
PPARG,P37231,PPARG,ENSG00000132170
PPBP,P02775,PPBP,ENSG00000163736
PPIA,P62937,PPIA,ENSG00000196262
PPY,P01298,PPY,ENSG00000108849
PRL,P01236,PRL,ENSG00000172179
PRLH,P81277,PRLH,ENSG00000071677
PRLHR,P49683,PRLHR,ENSG00000119973
PRLR,P16471,PRLR,ENSG00000113494
PROC,P04070,PROC,ENSG00000115718
PROCR,Q9UNN8,PROCR,ENSG00000101000
PROK1,P58294,PROK1,ENSG00000143125
PROK2,Q9HC23,PROK2,ENSG00000163421
PROKR1,Q8TCW9,PROKR1,ENSG00000169618
PROKR2,Q8NFJ6,PROKR2,ENSG00000101292
PROS1,P07225,PROS1,ENSG00000184500
PRXL2B,Q8TBF2,PRXL2B,ENSG00000157870
PSAP,P07602,PSAP,ENSG00000197746
PSPN,O60542,PSPN,ENSG00000125650
PTCH1,Q13635,PTCH1,ENSG00000185920
PTCH2,Q9Y6C5,PTCH2,ENSG00000117425
PTGDR,Q13258,PTGDR,ENSG00000168229
PTGDR2,Q9Y5Y4,PTGDR2,ENSG00000183134
PTGER1,P34995,PTGER1,ENSG00000160951
PTGER2,P43116,PTGER2,ENSG00000125384
PTGER3,P43115,PTGER3,ENSG00000050628
PTGER4,P35408,PTGER4,ENSG00000171522
PTGES,O14684,PTGES,ENSG00000148344
PTGES2,Q9H7Z7,PTGES2,ENSG00000148334
PTGES3,Q15185,PTGES3,ENSG00000110958
PTGFR,P43088,PTGFR,ENSG00000122420
PTGIR,P43119,PTGIR,ENSG00000160013
PTGIS,Q16647,PTGIS,ENSG00000124212
PTGR1,Q14914,PTGR1,ENSG00000106853
PTH,P01270,PTH,ENSG00000152266
PTH1R,Q03431,PTH1R,ENSG00000160801
PTH2,Q96A98,PTH2,ENSG00000142538
PTH2R,P49190,PTH2R,ENSG00000144407
PTHLH,P12272,PTHLH,ENSG00000087494
PTN,P21246,PTN,ENSG00000105894
PTPRC,P08575,PTPRC,ENSG00000081237
PTPRC,P08575,PTPRC,ENSG00000262418
PTPRK,Q15262,PTPRK,ENSG00000273993
PTPRK,Q15262,PTPRK,ENSG00000152894
PTPRR,Q15256,PTPRR,ENSG00000153233
PTPRS,Q13332,PTPRS,ENSG00000105426
PTPRU,Q92729,PTPRU,ENSG00000060656
PTPRZ1,P23471,PTPRZ1,ENSG00000106278
PVR,P15151,PVR,ENSG00000073008
PYY,P10082,PYY,ENSG00000131096
QRFP,P83859,QRFP,ENSG00000188710
QRFPR,Q96P65,QRFPR,ENSG00000186867
RAET1E,Q8TD07,RAET1E,ENSG00000164520
RAET1G,Q6H3X3,RAET1G,ENSG00000203722
RAET1L,Q5VY80,RAET1L,ENSG00000155918
RAMP1,O60894,RAMP1,ENSG00000132329
RAMP2,O60895,RAMP2,ENSG00000131477
RAMP3,O60896,RAMP3,ENSG00000122679
RARA,P10276,RARA,ENSG00000131759
RARB,P10826,RARB,ENSG00000077092
RARG,P13631,RARG,ENSG00000172819
RARRES2,Q99969,RARRES2,ENSG00000106538
RBP4,P02753,RBP4,ENSG00000138207
RELN,P78509,RELN,ENSG00000189056
REN,P00797,REN,ENSG00000143839
RET,P07949,RET,ENSG00000165731
RETN,Q9HD89,RETN,ENSG00000104918
RIPK1,Q13546,RIPK1,ENSG00000137275
RLN1,P04808,RLN1,ENSG00000107018
RLN2,P04090,RLN2,ENSG00000107014
RLN3,Q8WXF3,RLN3,ENSG00000171136
RNASET2,O00584,RNASET2,ENSG00000026297
ROBO1,Q9Y6N7,ROBO1,ENSG00000169855
ROBO2,Q9HCK4,ROBO2,ENSG00000185008
ROBO3,Q96MS0,ROBO3,ENSG00000154134
ROR1,Q01973,ROR1,ENSG00000185483
ROR2,Q01974,ROR2,ENSG00000169071
RORA,P35398,RORA,ENSG00000069667
RORB,Q92753,RORB,ENSG00000198963
RORC,P51449,RORC,ENSG00000143365
ROS1,P08922,ROS1,ENSG00000047936
RPS19,P39019,RPS19,ENSG00000105372
RSPO1,Q2MKA7,RSPO1,ENSG00000169218
RSPO2,Q6UXX9,RSPO2,ENSG00000147655
RSPO3,Q9BXY4,RSPO3,ENSG00000146374
RSPO4,Q2I0M5,RSPO4,ENSG00000101282
RXFP1,Q9HBX9,RXFP1,ENSG00000171509
RXFP2,Q8WXD0,RXFP2,ENSG00000133105
RXFP3,Q9NSD7,RXFP3,ENSG00000277069
RXFP3,Q9NSD7,RXFP3,ENSG00000182631
RXFP4,Q8TDU9,RXFP4,ENSG00000173080
RXRA,P19793,RXRA,ENSG00000186350
RXRB,P28702,RXRB,ENSG00000235712
RXRB,P28702,RXRB,ENSG00000227322
RXRB,P28702,RXRB,ENSG00000204231
RXRB,P28702,RXRB,ENSG00000231321
RXRB,P28702,RXRB,ENSG00000206289
RXRB,P28702,RXRB,ENSG00000228333
RXRG,P48443,RXRG,ENSG00000143171
RYK,P34925,RYK,ENSG00000163785
S1PR2,O95136,S1PR2,ENSG00000267534
SAA1,P0DJI8,SAA1,ENSG00000173432
SCARA5,Q6ZMJ2,SCARA5,ENSG00000168079
SCGB3A1,Q96QR1,SCGB3A1,ENSG00000161055
SCT,P09683,SCT,ENSG00000070031
SCT,P09683,SCT,ENSG00000274473
SCTR,P47872,SCTR,ENSG00000080293
SELE,P16581,SELE,ENSG00000007908
SELL,P14151,SELL,ENSG00000188404
SELP,P16109,SELP,ENSG00000174175
SELPLG,Q14242,SELPLG,ENSG00000110876
SEMA3A,Q14563,SEMA3A,ENSG00000075213
SEMA3C,Q99985,SEMA3C,ENSG00000075223
SEMA3E,O15041,SEMA3E,ENSG00000170381
SEMA3F,Q13275,SEMA3F,ENSG00000001617
SEMA4A,Q9H3S1,SEMA4A,ENSG00000196189
SEMA4C,Q9C0C4,SEMA4C,ENSG00000168758
SEMA4D,Q92854,SEMA4D,ENSG00000187764
SEMA4G,Q9NTN9,SEMA4G,ENSG00000095539
SEMA5A,Q13591,SEMA5A,ENSG00000112902
SEMA6A,Q9H2E6,SEMA6A,ENSG00000092421
SEMA6D,Q8NFY4,SEMA6D,ENSG00000137872
SEMA7A,O75326,SEMA7A,ENSG00000138623
SFRP1,Q8N474,SFRP1,ENSG00000104332
SFRP2,Q96HF1,SFRP2,ENSG00000145423
SFRP4,Q6FHJ7,SFRP4,ENSG00000106483
SFRP5,Q5T4F7,SFRP5,ENSG00000120057
SHH,Q15465,SHH,ENSG00000164690
SIGIRR,Q6IA17,SIGIRR,ENSG00000185187
SIGLEC1,Q9BZZ2,SIGLEC1,ENSG00000088827
SIGLEC10,Q96LC7,SIGLEC10,ENSG00000142512
SIGLEC15,Q6ZMC9,SIGLEC15,ENSG00000197046
SIRPA,P78324,SIRPA,ENSG00000198053
SIRPB1,O00241,SIRPB1,ENSG00000101307
SIRPG,Q9P1W8,SIRPG,ENSG00000089012
SLAMF1,Q13291,SLAMF1,ENSG00000117090
SLC16A1,P53985,SLC16A1,ENSG00000155380
SLC16A1,P53985,SLC16A1,ENSG00000281917
SLC1A5,Q15758,SLC1A5,ENSG00000105281
SLC22A17,Q8WUG5,SLC22A17,ENSG00000092096
SLC7A1,P30825,SLC7A1,ENSG00000139514
SLIT1,O75093,SLIT1,ENSG00000187122
SLIT2,O94813,SLIT2,ENSG00000145147
SLURP1,P55000,SLURP1,ENSG00000126233
SMO,Q99835,SMO,ENSG00000128602
SORL1,Q92673,SORL1,ENSG00000137642
SORT1,Q99523,SORT1,ENSG00000134243
SOSTDC1,Q6X4U4,SOSTDC1,ENSG00000171243
SPN,P16150,SPN,ENSG00000197471
SPP1,P10451,SPP1,ENSG00000118785
SPX,Q9BT56,SPX,ENSG00000134548
SRD5A1,P18405,SRD5A1,ENSG00000145545
SRD5A2,P31213,SRD5A2,ENSG00000277893
SRD5A3,Q9H8P0,SRD5A3,ENSG00000128039
SST,P61278,SST,ENSG00000157005
SSTR1,P30872,SSTR1,ENSG00000139874
SSTR2,P30874,SSTR2,ENSG00000180616
SSTR3,P32745,SSTR3,ENSG00000278195
SSTR4,P31391,SSTR4,ENSG00000132671
SSTR5,P35346,SSTR5,ENSG00000162009
STRA6,Q9BX79,STRA6,ENSG00000137868
SULT1A1,P50225,SULT1A1,ENSG00000196502
SULT1E1,P49888,SULT1E1,ENSG00000109193
SULT2A1,Q06520,SULT2A1,ENSG00000105398
SUSD2,Q9UGT4,SUSD2,ENSG00000099994
TAC1,P20366,TAC1,ENSG00000006128
TAC3,Q9UHF0,TAC3,ENSG00000166863
TACR1,P25103,TACR1,ENSG00000115353
TACR2,P21452,TACR2,ENSG00000075073
TACR3,P29371,TACR3,ENSG00000169836
TAFA1,Q7Z5A9,TAFA1,ENSG00000183662
TAFA4,Q96LR4,TAFA4,ENSG00000163377
TAFA5,Q7Z5A7,TAFA5,ENSG00000219438
TBXA2R,P21731,TBXA2R,ENSG00000006638
TBXAS1,P24557,TBXAS1,ENSG00000059377
TDGF1,P13385,TDGF1,ENSG00000241186
TEK,Q02763,TEK,ENSG00000120156
TF,P02787,TF,ENSG00000091513
TFF1,P04155,TFF1,ENSG00000160182
TFR2,Q9UP52,TFR2,ENSG00000106327
TFRC,P02786,TFRC,ENSG00000072274
TG,P01266,TG,ENSG00000042832
TGFA,P01135,TGFA,ENSG00000163235
TGFB1,P01137,TGFB1,ENSG00000105329
TGFB2,P61812,TGFB2,ENSG00000092969
TGFB3,P10600,TGFB3,ENSG00000119699
TGFBR1,P36897,TGFBR1,ENSG00000106799
TGFBR2,P37173,TGFBR2,ENSG00000163513
TGFBR3,Q03167,TGFBR3,ENSG00000069702
THBD,P07204,THBD,ENSG00000178726
THBS1,P07996,THBS1,ENSG00000137801
THBS2,P35442,THBS2,ENSG00000186340
THPO,P40225,THPO,ENSG00000090534
THRA,P10827,THRA,ENSG00000126351
THRB,P10828,THRB,ENSG00000151090
THY1,P04216,THY1,ENSG00000154096
TIGIT,Q495A1,TIGIT,ENSG00000181847
TIMP1,P01033,TIMP1,ENSG00000102265
TLR8,Q9NR97,TLR8,ENSG00000101916
TMEM219,Q86XT9,TMEM219,ENSG00000149932
TNC,P24821,TNC,ENSG00000041982
TNF,P01375,TNF,ENSG00000228849
TNF,P01375,TNF,ENSG00000206439
TNF,P01375,TNF,ENSG00000232810
TNF,P01375,TNF,ENSG00000223952
TNF,P01375,TNF,ENSG00000228321
TNF,P01375,TNF,ENSG00000204490
TNF,P01375,TNF,ENSG00000230108
TNF,P01375,TNF,ENSG00000228978
TNFRSF10A,O00220,TNFRSF10A,ENSG00000104689
TNFRSF10B,O14763,TNFRSF10B,ENSG00000120889
TNFRSF10C,O14798,TNFRSF10C,ENSG00000173535
TNFRSF10D,Q9UBN6,TNFRSF10D,ENSG00000173530
TNFRSF11A,Q9Y6Q6,TNFRSF11A,ENSG00000141655
TNFRSF11B,O00300,TNFRSF11B,ENSG00000164761
TNFRSF12A,Q9NP84,TNFRSF12A,ENSG00000006327
TNFRSF13B,O14836,TNFRSF13B,ENSG00000240505
TNFRSF13C,Q96RJ3,TNFRSF13C,ENSG00000159958
TNFRSF14,Q92956,TNFRSF14,ENSG00000157873
TNFRSF14,Q92956,TNFRSF14,ENSG00000273936
TNFRSF17,Q02223,TNFRSF17,ENSG00000048462
TNFRSF18,Q9Y5U5,TNFRSF18,ENSG00000186891
TNFRSF1A,P19438,TNFRSF1A,ENSG00000067182
TNFRSF1B,P20333,TNFRSF1B,ENSG00000028137
TNFRSF21,O75509,TNFRSF21,ENSG00000146072
TNFRSF25,Q93038,TNFRSF25,ENSG00000215788
TNFRSF4,P43489,TNFRSF4,ENSG00000186827
TNFRSF6B,O95407,TNFRSF6B,ENSG00000243509
TNFRSF8,P28908,TNFRSF8,ENSG00000120949
TNFRSF9,Q07011,TNFRSF9,ENSG00000049249
TNFSF10,P50591,TNFSF10,ENSG00000121858
TNFSF11,O14788,TNFSF11,ENSG00000120659
TNFSF12,O43508,TNFSF12,ENSG00000239697
TNFSF13,O75888,TNFSF13,ENSG00000161955
TNFSF13B,Q9Y275,TNFSF13B,ENSG00000102524
TNFSF14,O43557,TNFSF14,ENSG00000125735
TNFSF15,O95150,TNFSF15,ENSG00000181634
TNFSF18,Q9UNG2,TNFSF18,ENSG00000120337
TNFSF4,P23510,TNFSF4,ENSG00000117586
TNFSF8,P32971,TNFSF8,ENSG00000106952
TNFSF9,P41273,TNFSF9,ENSG00000125657
TPO,P07202,TPO,ENSG00000277603
TPO,P07202,TPO,ENSG00000115705
TREM2,Q9NZC2,TREM2,ENSG00000095970
TREML2,Q5T2D2,TREML2,ENSG00000112195
TRH,P20396,TRH,ENSG00000170893
TRHR,P34981,TRHR,ENSG00000174417
TSHB,P01222,TSHB,ENSG00000134200
TSHR,P16473,TSHR,ENSG00000165409
TSLP,Q969D9,TSLP,ENSG00000145777
TTR,P02766,TTR,ENSG00000118271
TULP1,O00294,TULP1,ENSG00000112041
TYR,P14679,TYR,ENSG00000077498
TYRO3,Q06418,TYRO3,ENSG00000092445
TYROBP,O43914,TYROBP,ENSG00000011600
UBASH3B,Q8TF42,UBASH3B,ENSG00000154127
UCN,P55089,UCN,ENSG00000163794
UCN2,Q96RP3,UCN2,ENSG00000145040
UCN3,Q969E3,UCN3,ENSG00000178473
ULBP1,Q9BZM6,ULBP1,ENSG00000111981
ULBP2,Q9BZM5,ULBP2,ENSG00000131015
ULBP3,Q9BZM4,ULBP3,ENSG00000131019
UNC5A,Q6ZN44,UNC5A,ENSG00000113763
UNC5B,Q8IZJ1,UNC5B,ENSG00000107731
UNC5C,O95185,UNC5C,ENSG00000182168
UNC5D,Q6UXZ4,UNC5D,ENSG00000156687
UTS2,O95399,UTS2,ENSG00000049247
UTS2B,Q765I0,UTS2B,ENSG00000188958
UTS2R,Q9UKP6,UTS2R,ENSG00000181408
VCAM1,P19320,VCAM1,ENSG00000162692
VDR,P11473,VDR,ENSG00000111424
VEGFA,P15692,VEGFA,ENSG00000112715
VEGFB,P49765,VEGFB,ENSG00000173511
VEGFC,P49767,VEGFC,ENSG00000150630
VEGFD,O43915,VEGFD,ENSG00000165197
VGF,O15240,VGF,ENSG00000128564
VIP,P01282,VIP,ENSG00000146469
VIPR1,P32241,VIPR1,ENSG00000114812
VIPR2,P41587,VIPR2,ENSG00000106018
VLDLR,P98155,VLDLR,ENSG00000147852
VSIR,Q9H7M9,VSIR,ENSG00000107738
VSTM1,Q6UX27,VSTM1,ENSG00000275577
VSTM1,Q6UX27,VSTM1,ENSG00000274887
VSTM1,Q6UX27,VSTM1,ENSG00000277607
VSTM1,Q6UX27,VSTM1,ENSG00000276363
VSTM1,Q6UX27,VSTM1,ENSG00000276159
VSTM1,Q6UX27,VSTM1,ENSG00000276066
VSTM1,Q6UX27,VSTM1,ENSG00000189068
VSTM1,Q6UX27,VSTM1,ENSG00000275962
VSTM1,Q6UX27,VSTM1,ENSG00000275330
VSTM1,Q6UX27,VSTM1,ENSG00000274953
VTN,P04004,VTN,ENSG00000109072
VWF,P04275,VWF,ENSG00000110799
WIF1,Q9Y5W5,WIF1,ENSG00000156076
WISP3,O95389,WISP3,ENSG00000112761
WNT1,P04628,WNT1,ENSG00000125084
WNT10A,Q9GZT5,WNT10A,ENSG00000135925
WNT11,O96014,WNT11,ENSG00000085741
WNT16,Q9UBV4,WNT16,ENSG00000002745
WNT2,P09544,WNT2,ENSG00000105989
WNT2B,Q93097,WNT2B,ENSG00000134245
WNT3,P56703,WNT3,ENSG00000277641
WNT3,P56703,WNT3,ENSG00000108379
WNT3,P56703,WNT3,ENSG00000277626
WNT3A,P56704,WNT3A,ENSG00000154342
WNT4,P56705,WNT4,ENSG00000162552
WNT5A,P41221,WNT5A,ENSG00000114251
WNT5B,Q9H1J7,WNT5B,ENSG00000111186
WNT6,Q9Y6F9,WNT6,ENSG00000115596
WNT7A,O00755,WNT7A,ENSG00000154764
WNT7B,P56706,WNT7B,ENSG00000188064
WNT8A,Q9H1J5,WNT8A,ENSG00000061492
WNT8B,Q93098,WNT8B,ENSG00000075290
WNT9A,O14904,WNT9A,ENSG00000143816
WNT9B,O14905,WNT9B,ENSG00000158955
WNT9B,O14905,WNT9B,ENSG00000276799
XCL1,P47992,XCL1,ENSG00000143184
XCL2,Q9UBD3,XCL2,ENSG00000143185
XCR1,P46094,XCR1,ENSG00000173578
XPR1,Q9UBH6,XPR1,ENSG00000143324
YARS,P54577,YARS,ENSG00000134684
